{
  "fio version" : "fio-3.38",
  "timestamp" : 1731023879,
  "timestamp_ms" : 1731023879313,
  "time" : "Fri Nov  8 12:57:59 2024",
  "jobs" : [
    {
      "jobname" : "gpfs_test",
      "groupid" : 0,
      "job_start" : 1731023819098,
      "error" : 0,
      "eta" : 0,
      "elapsed" : 61,
      "job options" : {
        "name" : "gpfs_test",
        "directory" : "/nesi/nobackup/nesi99999/Dinindu/IO-CUSTOM/GPFS_Client/testdir",
        "size" : "10G",
        "runtime" : "60",
        "ioengine" : "psync",
        "direct" : "1",
        "verify" : "0",
        "bs" : "8M",
        "rw" : "read",
        "numjobs" : "4",
        "filename_format" : "f.$jobnum.dat"
      },
      "read" : {
        "io_bytes" : 148637745152,
        "io_kbytes" : 145154048,
        "bw_bytes" : 2472392174,
        "bw" : 2414445,
        "iops" : 294.732115,
        "runtime" : 60119,
        "total_ios" : 17719,
        "short_ios" : 0,
        "drop_ios" : 0,
        "slat_ns" : {
          "min" : 0,
          "max" : 0,
          "mean" : 0.000000,
          "stddev" : 0.000000,
          "N" : 0
        },
        "clat_ns" : {
          "min" : 187322,
          "max" : 1259406080,
          "mean" : 13555433.313618,
          "stddev" : 40903683.019986,
          "N" : 17719,
          "percentile" : {
            "1.000000" : 193536,
            "5.000000" : 201728,
            "10.000000" : 207872,
            "20.000000" : 222208,
            "30.000000" : 232448,
            "40.000000" : 246784,
            "50.000000" : 280576,
            "60.000000" : 3522560,
            "70.000000" : 6520832,
            "80.000000" : 11993088,
            "90.000000" : 45350912,
            "95.000000" : 63700992,
            "99.000000" : 160432128,
            "99.500000" : 238026752,
            "99.900000" : 549453824,
            "99.950000" : 775946240,
            "99.990000" : 1010827264
          }
        },
        "lat_ns" : {
          "min" : 187372,
          "max" : 1259406150,
          "mean" : 13555857.617021,
          "stddev" : 40903892.334444,
          "N" : 17719
        },
        "bw_min" : 81920,
        "bw_max" : 54099968,
        "bw_agg" : 100.000000,
        "bw_mean" : 2473861.766768,
        "bw_dev" : 2059837.145396,
        "bw_samples" : 469,
        "iops_min" : 10,
        "iops_max" : 6604,
        "iops_mean" : 301.985079,
        "iops_stddev" : 251.444964,
        "iops_samples" : 469
      },
      "write" : {
        "io_bytes" : 0,
        "io_kbytes" : 0,
        "bw_bytes" : 0,
        "bw" : 0,
        "iops" : 0.000000,
        "runtime" : 0,
        "total_ios" : 0,
        "short_ios" : 0,
        "drop_ios" : 0,
        "slat_ns" : {
          "min" : 0,
          "max" : 0,
          "mean" : 0.000000,
          "stddev" : 0.000000,
          "N" : 0
        },
        "clat_ns" : {
          "min" : 0,
          "max" : 0,
          "mean" : 0.000000,
          "stddev" : 0.000000,
          "N" : 0
        },
        "lat_ns" : {
          "min" : 0,
          "max" : 0,
          "mean" : 0.000000,
          "stddev" : 0.000000,
          "N" : 0
        },
        "bw_min" : 0,
        "bw_max" : 0,
        "bw_agg" : 0.000000,
        "bw_mean" : 0.000000,
        "bw_dev" : 0.000000,
        "bw_samples" : 0,
        "iops_min" : 0,
        "iops_max" : 0,
        "iops_mean" : 0.000000,
        "iops_stddev" : 0.000000,
        "iops_samples" : 0
      },
      "trim" : {
        "io_bytes" : 0,
        "io_kbytes" : 0,
        "bw_bytes" : 0,
        "bw" : 0,
        "iops" : 0.000000,
        "runtime" : 0,
        "total_ios" : 0,
        "short_ios" : 0,
        "drop_ios" : 0,
        "slat_ns" : {
          "min" : 0,
          "max" : 0,
          "mean" : 0.000000,
          "stddev" : 0.000000,
          "N" : 0
        },
        "clat_ns" : {
          "min" : 0,
          "max" : 0,
          "mean" : 0.000000,
          "stddev" : 0.000000,
          "N" : 0
        },
        "lat_ns" : {
          "min" : 0,
          "max" : 0,
          "mean" : 0.000000,
          "stddev" : 0.000000,
          "N" : 0
        },
        "bw_min" : 0,
        "bw_max" : 0,
        "bw_agg" : 0.000000,
        "bw_mean" : 0.000000,
        "bw_dev" : 0.000000,
        "bw_samples" : 0,
        "iops_min" : 0,
        "iops_max" : 0,
        "iops_mean" : 0.000000,
        "iops_stddev" : 0.000000,
        "iops_samples" : 0
      },
      "sync" : {
        "total_ios" : 0,
        "lat_ns" : {
          "min" : 0,
          "max" : 0,
          "mean" : 0.000000,
          "stddev" : 0.000000,
          "N" : 0
        }
      },
      "job_runtime" : 240259,
      "usr_cpu" : 0.057438,
      "sys_cpu" : 1.778914,
      "ctx" : 7467,
      "majf" : 0,
      "minf" : 4215,
      "iodepth_level" : {
        "1" : 100.000000,
        "2" : 0.000000,
        "4" : 0.000000,
        "8" : 0.000000,
        "16" : 0.000000,
        "32" : 0.000000,
        ">=64" : 0.000000
      },
      "iodepth_submit" : {
        "0" : 0.000000,
        "4" : 100.000000,
        "8" : 0.000000,
        "16" : 0.000000,
        "32" : 0.000000,
        "64" : 0.000000,
        ">=64" : 0.000000
      },
      "iodepth_complete" : {
        "0" : 0.000000,
        "4" : 100.000000,
        "8" : 0.000000,
        "16" : 0.000000,
        "32" : 0.000000,
        "64" : 0.000000,
        ">=64" : 0.000000
      },
      "latency_ns" : {
        "2" : 0.000000,
        "4" : 0.000000,
        "10" : 0.000000,
        "20" : 0.000000,
        "50" : 0.000000,
        "100" : 0.000000,
        "250" : 0.000000,
        "500" : 0.000000,
        "750" : 0.000000,
        "1000" : 0.000000
      },
      "latency_us" : {
        "2" : 0.000000,
        "4" : 0.000000,
        "10" : 0.000000,
        "20" : 0.000000,
        "50" : 0.000000,
        "100" : 0.000000,
        "250" : 41.317230,
        "500" : 15.299960,
        "750" : 0.694170,
        "1000" : 0.276539
      },
      "latency_ms" : {
        "2" : 0.389412,
        "4" : 4.159377,
        "10" : 14.611434,
        "20" : 7.443987,
        "50" : 7.381906,
        "100" : 6.478921,
        "250" : 1.478639,
        "500" : 0.344263,
        "750" : 0.073368,
        "1000" : 0.039506,
        "2000" : 0.011287,
        ">=2000" : 0.000000
      },
      "latency_depth" : 1,
      "latency_target" : 0,
      "latency_percentile" : 100.000000,
      "latency_window" : 0
    }
  ]
}
