{
  "fio version" : "fio-3.38",
  "timestamp" : 1731023696,
  "timestamp_ms" : 1731023696554,
  "time" : "Fri Nov  8 12:54:56 2024",
  "jobs" : [
    {
      "jobname" : "gpfs_test",
      "groupid" : 0,
      "job_start" : 1731023636125,
      "error" : 0,
      "eta" : 0,
      "elapsed" : 61,
      "job options" : {
        "name" : "gpfs_test",
        "directory" : "/nesi/nobackup/nesi99999/Dinindu/IO-CUSTOM/GPFS_Client/testdir",
        "size" : "10G",
        "runtime" : "60",
        "ioengine" : "psync",
        "direct" : "1",
        "verify" : "0",
        "bs" : "4M",
        "rw" : "read",
        "numjobs" : "8",
        "filename_format" : "f.$jobnum.dat"
      },
      "read" : {
        "io_bytes" : 51279560704,
        "io_kbytes" : 50077696,
        "bw_bytes" : 851989777,
        "bw" : 832021,
        "iops" : 203.130192,
        "runtime" : 60188,
        "total_ios" : 12226,
        "short_ios" : 0,
        "drop_ios" : 0,
        "slat_ns" : {
          "min" : 0,
          "max" : 0,
          "mean" : 0.000000,
          "stddev" : 0.000000,
          "N" : 0
        },
        "clat_ns" : {
          "min" : 103585,
          "max" : 1182125265,
          "mean" : 39325774.266399,
          "stddev" : 73536965.849436,
          "N" : 12226,
          "percentile" : {
            "1.000000" : 107008,
            "5.000000" : 113152,
            "10.000000" : 118272,
            "20.000000" : 126464,
            "30.000000" : 138240,
            "40.000000" : 1761280,
            "50.000000" : 23724032,
            "60.000000" : 30539776,
            "70.000000" : 38010880,
            "80.000000" : 50593792,
            "90.000000" : 98041856,
            "95.000000" : 173015040,
            "99.000000" : 371195904,
            "99.500000" : 471859200,
            "99.900000" : 666894336,
            "99.950000" : 742391808,
            "99.990000" : 1082130432
          }
        },
        "lat_ns" : {
          "min" : 103645,
          "max" : 1182125355,
          "mean" : 39326365.608212,
          "stddev" : 73537191.735569,
          "N" : 12226
        },
        "bw_min" : 65536,
        "bw_max" : 40206336,
        "bw_agg" : 100.000000,
        "bw_mean" : 842002.937715,
        "bw_dev" : 734363.086865,
        "bw_samples" : 950,
        "iops_min" : 16,
        "iops_max" : 9816,
        "iops_mean" : 205.565980,
        "iops_stddev" : 179.287877,
        "iops_samples" : 950
      },
      "write" : {
        "io_bytes" : 0,
        "io_kbytes" : 0,
        "bw_bytes" : 0,
        "bw" : 0,
        "iops" : 0.000000,
        "runtime" : 0,
        "total_ios" : 0,
        "short_ios" : 0,
        "drop_ios" : 0,
        "slat_ns" : {
          "min" : 0,
          "max" : 0,
          "mean" : 0.000000,
          "stddev" : 0.000000,
          "N" : 0
        },
        "clat_ns" : {
          "min" : 0,
          "max" : 0,
          "mean" : 0.000000,
          "stddev" : 0.000000,
          "N" : 0
        },
        "lat_ns" : {
          "min" : 0,
          "max" : 0,
          "mean" : 0.000000,
          "stddev" : 0.000000,
          "N" : 0
        },
        "bw_min" : 0,
        "bw_max" : 0,
        "bw_agg" : 0.000000,
        "bw_mean" : 0.000000,
        "bw_dev" : 0.000000,
        "bw_samples" : 0,
        "iops_min" : 0,
        "iops_max" : 0,
        "iops_mean" : 0.000000,
        "iops_stddev" : 0.000000,
        "iops_samples" : 0
      },
      "trim" : {
        "io_bytes" : 0,
        "io_kbytes" : 0,
        "bw_bytes" : 0,
        "bw" : 0,
        "iops" : 0.000000,
        "runtime" : 0,
        "total_ios" : 0,
        "short_ios" : 0,
        "drop_ios" : 0,
        "slat_ns" : {
          "min" : 0,
          "max" : 0,
          "mean" : 0.000000,
          "stddev" : 0.000000,
          "N" : 0
        },
        "clat_ns" : {
          "min" : 0,
          "max" : 0,
          "mean" : 0.000000,
          "stddev" : 0.000000,
          "N" : 0
        },
        "lat_ns" : {
          "min" : 0,
          "max" : 0,
          "mean" : 0.000000,
          "stddev" : 0.000000,
          "N" : 0
        },
        "bw_min" : 0,
        "bw_max" : 0,
        "bw_agg" : 0.000000,
        "bw_mean" : 0.000000,
        "bw_dev" : 0.000000,
        "bw_samples" : 0,
        "iops_min" : 0,
        "iops_max" : 0,
        "iops_mean" : 0.000000,
        "iops_stddev" : 0.000000,
        "iops_samples" : 0
      },
      "sync" : {
        "total_ios" : 0,
        "lat_ns" : {
          "min" : 0,
          "max" : 0,
          "mean" : 0.000000,
          "stddev" : 0.000000,
          "N" : 0
        }
      },
      "job_runtime" : 480870,
      "usr_cpu" : 0.021420,
      "sys_cpu" : 0.416121,
      "ctx" : 7530,
      "majf" : 0,
      "minf" : 5276,
      "iodepth_level" : {
        "1" : 100.000000,
        "2" : 0.000000,
        "4" : 0.000000,
        "8" : 0.000000,
        "16" : 0.000000,
        "32" : 0.000000,
        ">=64" : 0.000000
      },
      "iodepth_submit" : {
        "0" : 0.000000,
        "4" : 100.000000,
        "8" : 0.000000,
        "16" : 0.000000,
        "32" : 0.000000,
        "64" : 0.000000,
        ">=64" : 0.000000
      },
      "iodepth_complete" : {
        "0" : 0.000000,
        "4" : 100.000000,
        "8" : 0.000000,
        "16" : 0.000000,
        "32" : 0.000000,
        "64" : 0.000000,
        ">=64" : 0.000000
      },
      "latency_ns" : {
        "2" : 0.000000,
        "4" : 0.000000,
        "10" : 0.000000,
        "20" : 0.000000,
        "50" : 0.000000,
        "100" : 0.000000,
        "250" : 0.000000,
        "500" : 0.000000,
        "750" : 0.000000,
        "1000" : 0.000000
      },
      "latency_us" : {
        "2" : 0.000000,
        "4" : 0.000000,
        "10" : 0.000000,
        "20" : 0.000000,
        "50" : 0.000000,
        "100" : 0.000000,
        "250" : 39.088827,
        "500" : 0.220841,
        "750" : 0.032717,
        "1000" : 0.010000
      },
      "latency_ms" : {
        "2" : 1.570424,
        "4" : 3.443481,
        "10" : 2.690986,
        "20" : 0.850646,
        "50" : 31.743825,
        "100" : 10.543105,
        "250" : 7.222313,
        "500" : 2.208408,
        "750" : 0.335351,
        "1000" : 0.024538,
        "2000" : 0.016359,
        ">=2000" : 0.000000
      },
      "latency_depth" : 1,
      "latency_target" : 0,
      "latency_percentile" : 100.000000,
      "latency_window" : 0
    }
  ]
}
