{
  "fio version" : "fio-3.38",
  "timestamp" : 1731024127,
  "timestamp_ms" : 1731024127643,
  "time" : "Fri Nov  8 13:02:07 2024",
  "jobs" : [
    {
      "jobname" : "gpfs_test",
      "groupid" : 0,
      "job_start" : 1731024067444,
      "error" : 0,
      "eta" : 0,
      "elapsed" : 61,
      "job options" : {
        "name" : "gpfs_test",
        "directory" : "/nesi/nobackup/nesi99999/Dinindu/IO-CUSTOM/GPFS_Client/testdir",
        "size" : "10G",
        "runtime" : "60",
        "ioengine" : "psync",
        "direct" : "1",
        "verify" : "0",
        "bs" : "16M",
        "rw" : "read",
        "numjobs" : "4",
        "filename_format" : "f.$jobnum.dat"
      },
      "read" : {
        "io_bytes" : 114739380224,
        "io_kbytes" : 112050176,
        "bw_bytes" : 1910412591,
        "bw" : 1865637,
        "iops" : 113.869464,
        "runtime" : 60060,
        "total_ios" : 6839,
        "short_ios" : 0,
        "drop_ios" : 0,
        "slat_ns" : {
          "min" : 0,
          "max" : 0,
          "mean" : 0.000000,
          "stddev" : 0.000000,
          "N" : 0
        },
        "clat_ns" : {
          "min" : 362401,
          "max" : 1697072468,
          "mean" : 35103972.977043,
          "stddev" : 92652882.026441,
          "N" : 6839,
          "percentile" : {
            "1.000000" : 370688,
            "5.000000" : 387072,
            "10.000000" : 395264,
            "20.000000" : 423936,
            "30.000000" : 460800,
            "40.000000" : 544768,
            "50.000000" : 1286144,
            "60.000000" : 6848512,
            "70.000000" : 12386304,
            "80.000000" : 43253760,
            "90.000000" : 101187584,
            "95.000000" : 156237824,
            "99.000000" : 484442112,
            "99.500000" : 599785472,
            "99.900000" : 935329792,
            "99.950000" : 1149239296,
            "99.990000" : 1702887424
          }
        },
        "lat_ns" : {
          "min" : 362441,
          "max" : 1697074602,
          "mean" : 35104445.942535,
          "stddev" : 92653162.958332,
          "N" : 6839
        },
        "bw_min" : 131072,
        "bw_max" : 51347456,
        "bw_agg" : 99.506426,
        "bw_mean" : 1856429.028817,
        "bw_dev" : 1547996.983295,
        "bw_samples" : 450,
        "iops_min" : 8,
        "iops_max" : 3134,
        "iops_mean" : 113.307293,
        "iops_stddev" : 94.482241,
        "iops_samples" : 450
      },
      "write" : {
        "io_bytes" : 0,
        "io_kbytes" : 0,
        "bw_bytes" : 0,
        "bw" : 0,
        "iops" : 0.000000,
        "runtime" : 0,
        "total_ios" : 0,
        "short_ios" : 0,
        "drop_ios" : 0,
        "slat_ns" : {
          "min" : 0,
          "max" : 0,
          "mean" : 0.000000,
          "stddev" : 0.000000,
          "N" : 0
        },
        "clat_ns" : {
          "min" : 0,
          "max" : 0,
          "mean" : 0.000000,
          "stddev" : 0.000000,
          "N" : 0
        },
        "lat_ns" : {
          "min" : 0,
          "max" : 0,
          "mean" : 0.000000,
          "stddev" : 0.000000,
          "N" : 0
        },
        "bw_min" : 0,
        "bw_max" : 0,
        "bw_agg" : 0.000000,
        "bw_mean" : 0.000000,
        "bw_dev" : 0.000000,
        "bw_samples" : 0,
        "iops_min" : 0,
        "iops_max" : 0,
        "iops_mean" : 0.000000,
        "iops_stddev" : 0.000000,
        "iops_samples" : 0
      },
      "trim" : {
        "io_bytes" : 0,
        "io_kbytes" : 0,
        "bw_bytes" : 0,
        "bw" : 0,
        "iops" : 0.000000,
        "runtime" : 0,
        "total_ios" : 0,
        "short_ios" : 0,
        "drop_ios" : 0,
        "slat_ns" : {
          "min" : 0,
          "max" : 0,
          "mean" : 0.000000,
          "stddev" : 0.000000,
          "N" : 0
        },
        "clat_ns" : {
          "min" : 0,
          "max" : 0,
          "mean" : 0.000000,
          "stddev" : 0.000000,
          "N" : 0
        },
        "lat_ns" : {
          "min" : 0,
          "max" : 0,
          "mean" : 0.000000,
          "stddev" : 0.000000,
          "N" : 0
        },
        "bw_min" : 0,
        "bw_max" : 0,
        "bw_agg" : 0.000000,
        "bw_mean" : 0.000000,
        "bw_dev" : 0.000000,
        "bw_samples" : 0,
        "iops_min" : 0,
        "iops_max" : 0,
        "iops_mean" : 0.000000,
        "iops_stddev" : 0.000000,
        "iops_samples" : 0
      },
      "sync" : {
        "total_ios" : 0,
        "lat_ns" : {
          "min" : 0,
          "max" : 0,
          "mean" : 0.000000,
          "stddev" : 0.000000,
          "N" : 0
        }
      },
      "job_runtime" : 240106,
      "usr_cpu" : 0.021657,
      "sys_cpu" : 1.687588,
      "ctx" : 2950,
      "majf" : 0,
      "minf" : 2164,
      "iodepth_level" : {
        "1" : 100.000000,
        "2" : 0.000000,
        "4" : 0.000000,
        "8" : 0.000000,
        "16" : 0.000000,
        "32" : 0.000000,
        ">=64" : 0.000000
      },
      "iodepth_submit" : {
        "0" : 0.000000,
        "4" : 100.000000,
        "8" : 0.000000,
        "16" : 0.000000,
        "32" : 0.000000,
        "64" : 0.000000,
        ">=64" : 0.000000
      },
      "iodepth_complete" : {
        "0" : 0.000000,
        "4" : 100.000000,
        "8" : 0.000000,
        "16" : 0.000000,
        "32" : 0.000000,
        "64" : 0.000000,
        ">=64" : 0.000000
      },
      "latency_ns" : {
        "2" : 0.000000,
        "4" : 0.000000,
        "10" : 0.000000,
        "20" : 0.000000,
        "50" : 0.000000,
        "100" : 0.000000,
        "250" : 0.000000,
        "500" : 0.000000,
        "750" : 0.000000,
        "1000" : 0.000000
      },
      "latency_us" : {
        "2" : 0.000000,
        "4" : 0.000000,
        "10" : 0.000000,
        "20" : 0.000000,
        "50" : 0.000000,
        "100" : 0.000000,
        "250" : 0.000000,
        "500" : 36.160257,
        "750" : 9.986840,
        "1000" : 2.193303
      },
      "latency_ms" : {
        "2" : 4.342740,
        "4" : 2.778184,
        "10" : 11.390554,
        "20" : 8.553882,
        "50" : 5.717210,
        "100" : 8.626992,
        "250" : 7.237900,
        "500" : 2.105571,
        "750" : 0.643369,
        "1000" : 0.190086,
        "2000" : 0.073110,
        ">=2000" : 0.000000
      },
      "latency_depth" : 1,
      "latency_target" : 0,
      "latency_percentile" : 100.000000,
      "latency_window" : 0
    }
  ]
}
