{
  "fio version" : "fio-3.38",
  "timestamp" : 1731024748,
  "timestamp_ms" : 1731024748449,
  "time" : "Fri Nov  8 13:12:28 2024",
  "jobs" : [
    {
      "jobname" : "gpfs_test",
      "groupid" : 0,
      "job_start" : 1731024685458,
      "error" : 0,
      "eta" : 0,
      "elapsed" : 64,
      "job options" : {
        "name" : "gpfs_test",
        "directory" : "/nesi/nobackup/nesi99999/Dinindu/IO-CUSTOM/GPFS_Client/testdir",
        "size" : "10G",
        "runtime" : "60",
        "ioengine" : "psync",
        "direct" : "1",
        "verify" : "0",
        "bs" : "4M",
        "rw" : "randrw",
        "numjobs" : "16",
        "filename_format" : "f.$jobnum.dat"
      },
      "read" : {
        "io_bytes" : 11228151808,
        "io_kbytes" : 10964992,
        "bw_bytes" : 178598838,
        "bw" : 174412,
        "iops" : 42.581281,
        "runtime" : 62868,
        "total_ios" : 2677,
        "short_ios" : 0,
        "drop_ios" : 0,
        "slat_ns" : {
          "min" : 0,
          "max" : 0,
          "mean" : 0.000000,
          "stddev" : 0.000000,
          "N" : 0
        },
        "clat_ns" : {
          "min" : 124795,
          "max" : 6817214491,
          "mean" : 79304780.159133,
          "stddev" : 421607762.005964,
          "N" : 2677,
          "percentile" : {
            "1.000000" : 156672,
            "5.000000" : 234496,
            "10.000000" : 370688,
            "20.000000" : 684032,
            "30.000000" : 1368064,
            "40.000000" : 1957888,
            "50.000000" : 20316160,
            "60.000000" : 28966912,
            "70.000000" : 34865152,
            "80.000000" : 43778048,
            "90.000000" : 63700992,
            "95.000000" : 137363456,
            "99.000000" : 1702887424,
            "99.500000" : 3338665984,
            "99.900000" : 6476005376,
            "99.950000" : 6811549696,
            "99.990000" : 6811549696
          }
        },
        "lat_ns" : {
          "min" : 124855,
          "max" : 6817214592,
          "mean" : 79305421.307060,
          "stddev" : 421607774.972524,
          "N" : 2677
        },
        "bw_min" : 131072,
        "bw_max" : 1261568,
        "bw_agg" : 100.000000,
        "bw_mean" : 368315.060440,
        "bw_dev" : 16115.925597,
        "bw_samples" : 948,
        "iops_min" : 32,
        "iops_max" : 308,
        "iops_mean" : 89.871292,
        "iops_stddev" : 3.934916,
        "iops_samples" : 948
      },
      "write" : {
        "io_bytes" : 11026825216,
        "io_kbytes" : 10768384,
        "bw_bytes" : 175396469,
        "bw" : 171285,
        "iops" : 41.817777,
        "runtime" : 62868,
        "total_ios" : 2629,
        "short_ios" : 0,
        "drop_ios" : 0,
        "slat_ns" : {
          "min" : 0,
          "max" : 0,
          "mean" : 0.000000,
          "stddev" : 0.000000,
          "N" : 0
        },
        "clat_ns" : {
          "min" : 32571257,
          "max" : 7084756915,
          "mean" : 296974014.556105,
          "stddev" : 579112493.925362,
          "N" : 2629,
          "percentile" : {
            "1.000000" : 71827456,
            "5.000000" : 93847552,
            "10.000000" : 105381888,
            "20.000000" : 120061952,
            "30.000000" : 132644864,
            "40.000000" : 147849216,
            "50.000000" : 162529280,
            "60.000000" : 185597952,
            "70.000000" : 214958080,
            "80.000000" : 270532608,
            "90.000000" : 392167424,
            "95.000000" : 792723456,
            "99.000000" : 3472883712,
            "99.500000" : 4177526784,
            "99.900000" : 6811549696,
            "99.950000" : 6945767424,
            "99.990000" : 7079985152
          }
        },
        "lat_ns" : {
          "min" : 32602586,
          "max" : 7084950099,
          "mean" : 297183234.970711,
          "stddev" : 579121275.248796,
          "N" : 2629
        },
        "bw_min" : 131072,
        "bw_max" : 548864,
        "bw_agg" : 100.000000,
        "bw_mean" : 282994.864250,
        "bw_dev" : 7164.892512,
        "bw_samples" : 1213,
        "iops_min" : 32,
        "iops_max" : 134,
        "iops_mean" : 69.051601,
        "iops_stddev" : 1.746876,
        "iops_samples" : 1213
      },
      "trim" : {
        "io_bytes" : 0,
        "io_kbytes" : 0,
        "bw_bytes" : 0,
        "bw" : 0,
        "iops" : 0.000000,
        "runtime" : 0,
        "total_ios" : 0,
        "short_ios" : 0,
        "drop_ios" : 0,
        "slat_ns" : {
          "min" : 0,
          "max" : 0,
          "mean" : 0.000000,
          "stddev" : 0.000000,
          "N" : 0
        },
        "clat_ns" : {
          "min" : 0,
          "max" : 0,
          "mean" : 0.000000,
          "stddev" : 0.000000,
          "N" : 0
        },
        "lat_ns" : {
          "min" : 0,
          "max" : 0,
          "mean" : 0.000000,
          "stddev" : 0.000000,
          "N" : 0
        },
        "bw_min" : 0,
        "bw_max" : 0,
        "bw_agg" : 0.000000,
        "bw_mean" : 0.000000,
        "bw_dev" : 0.000000,
        "bw_samples" : 0,
        "iops_min" : 0,
        "iops_max" : 0,
        "iops_mean" : 0.000000,
        "iops_stddev" : 0.000000,
        "iops_samples" : 0
      },
      "sync" : {
        "total_ios" : 0,
        "lat_ns" : {
          "min" : 0,
          "max" : 0,
          "mean" : 0.000000,
          "stddev" : 0.000000,
          "N" : 0
        }
      },
      "job_runtime" : 993639,
      "usr_cpu" : 0.058975,
      "sys_cpu" : 0.176422,
      "ctx" : 4373,
      "majf" : 0,
      "minf" : 276,
      "iodepth_level" : {
        "1" : 100.000000,
        "2" : 0.000000,
        "4" : 0.000000,
        "8" : 0.000000,
        "16" : 0.000000,
        "32" : 0.000000,
        ">=64" : 0.000000
      },
      "iodepth_submit" : {
        "0" : 0.000000,
        "4" : 100.000000,
        "8" : 0.000000,
        "16" : 0.000000,
        "32" : 0.000000,
        "64" : 0.000000,
        ">=64" : 0.000000
      },
      "iodepth_complete" : {
        "0" : 0.000000,
        "4" : 100.000000,
        "8" : 0.000000,
        "16" : 0.000000,
        "32" : 0.000000,
        "64" : 0.000000,
        ">=64" : 0.000000
      },
      "latency_ns" : {
        "2" : 0.000000,
        "4" : 0.000000,
        "10" : 0.000000,
        "20" : 0.000000,
        "50" : 0.000000,
        "100" : 0.000000,
        "250" : 0.000000,
        "500" : 0.000000,
        "750" : 0.000000,
        "1000" : 0.000000
      },
      "latency_us" : {
        "2" : 0.000000,
        "4" : 0.000000,
        "10" : 0.000000,
        "20" : 0.000000,
        "50" : 0.000000,
        "100" : 0.000000,
        "250" : 2.902375,
        "500" : 5.069732,
        "750" : 2.751602,
        "1000" : 1.677346
      },
      "latency_ms" : {
        "2" : 7.990954,
        "4" : 3.467772,
        "10" : 1.130795,
        "20" : 0.150773,
        "50" : 17.244629,
        "100" : 8.594044,
        "250" : 35.996985,
        "500" : 8.292499,
        "750" : 1.017716,
        "1000" : 0.735017,
        "2000" : 1.488881,
        ">=2000" : 1.488881
      },
      "latency_depth" : 1,
      "latency_target" : 0,
      "latency_percentile" : 100.000000,
      "latency_window" : 0
    }
  ]
}
