{
  "fio version" : "fio-3.38",
  "timestamp" : 1731023512,
  "timestamp_ms" : 1731023512977,
  "time" : "Fri Nov  8 12:51:52 2024",
  "jobs" : [
    {
      "jobname" : "gpfs_test",
      "groupid" : 0,
      "job_start" : 1731023452773,
      "error" : 0,
      "eta" : 0,
      "elapsed" : 61,
      "job options" : {
        "name" : "gpfs_test",
        "directory" : "/nesi/nobackup/nesi99999/Dinindu/IO-CUSTOM/GPFS_Client/testdir",
        "size" : "10G",
        "runtime" : "60",
        "ioengine" : "psync",
        "direct" : "1",
        "verify" : "0",
        "bs" : "1M",
        "rw" : "read",
        "numjobs" : "16",
        "filename_format" : "f.$jobnum.dat"
      },
      "read" : {
        "io_bytes" : 25691160576,
        "io_kbytes" : 25089024,
        "bw_bytes" : 428007673,
        "bw" : 417976,
        "iops" : 408.179925,
        "runtime" : 60025,
        "total_ios" : 24501,
        "short_ios" : 0,
        "drop_ios" : 0,
        "slat_ns" : {
          "min" : 0,
          "max" : 0,
          "mean" : 0.000000,
          "stddev" : 0.000000,
          "N" : 0
        },
        "clat_ns" : {
          "min" : 439085,
          "max" : 1550014835,
          "mean" : 39174017.218358,
          "stddev" : 57585531.841747,
          "N" : 24501,
          "percentile" : {
            "1.000000" : 569344,
            "5.000000" : 765952,
            "10.000000" : 2768896,
            "20.000000" : 15925248,
            "30.000000" : 18743296,
            "40.000000" : 21364736,
            "50.000000" : 24248320,
            "60.000000" : 28442624,
            "70.000000" : 34865152,
            "80.000000" : 47972352,
            "90.000000" : 79167488,
            "95.000000" : 122159104,
            "99.000000" : 267386880,
            "99.500000" : 358612992,
            "99.900000" : 549453824,
            "99.950000" : 960495616,
            "99.990000" : 1501560832
          }
        },
        "lat_ns" : {
          "min" : 439306,
          "max" : 1550015607,
          "mean" : 39174945.727725,
          "stddev" : 57585644.947689,
          "N" : 24501
        },
        "bw_min" : 36864,
        "bw_max" : 1136640,
        "bw_agg" : 100.000000,
        "bw_mean" : 423037.258808,
        "bw_dev" : 16839.948210,
        "bw_samples" : 1877,
        "iops_min" : 36,
        "iops_max" : 1110,
        "iops_mean" : 413.118579,
        "iops_stddev" : 16.445223,
        "iops_samples" : 1877
      },
      "write" : {
        "io_bytes" : 0,
        "io_kbytes" : 0,
        "bw_bytes" : 0,
        "bw" : 0,
        "iops" : 0.000000,
        "runtime" : 0,
        "total_ios" : 0,
        "short_ios" : 0,
        "drop_ios" : 0,
        "slat_ns" : {
          "min" : 0,
          "max" : 0,
          "mean" : 0.000000,
          "stddev" : 0.000000,
          "N" : 0
        },
        "clat_ns" : {
          "min" : 0,
          "max" : 0,
          "mean" : 0.000000,
          "stddev" : 0.000000,
          "N" : 0
        },
        "lat_ns" : {
          "min" : 0,
          "max" : 0,
          "mean" : 0.000000,
          "stddev" : 0.000000,
          "N" : 0
        },
        "bw_min" : 0,
        "bw_max" : 0,
        "bw_agg" : 0.000000,
        "bw_mean" : 0.000000,
        "bw_dev" : 0.000000,
        "bw_samples" : 0,
        "iops_min" : 0,
        "iops_max" : 0,
        "iops_mean" : 0.000000,
        "iops_stddev" : 0.000000,
        "iops_samples" : 0
      },
      "trim" : {
        "io_bytes" : 0,
        "io_kbytes" : 0,
        "bw_bytes" : 0,
        "bw" : 0,
        "iops" : 0.000000,
        "runtime" : 0,
        "total_ios" : 0,
        "short_ios" : 0,
        "drop_ios" : 0,
        "slat_ns" : {
          "min" : 0,
          "max" : 0,
          "mean" : 0.000000,
          "stddev" : 0.000000,
          "N" : 0
        },
        "clat_ns" : {
          "min" : 0,
          "max" : 0,
          "mean" : 0.000000,
          "stddev" : 0.000000,
          "N" : 0
        },
        "lat_ns" : {
          "min" : 0,
          "max" : 0,
          "mean" : 0.000000,
          "stddev" : 0.000000,
          "N" : 0
        },
        "bw_min" : 0,
        "bw_max" : 0,
        "bw_agg" : 0.000000,
        "bw_mean" : 0.000000,
        "bw_dev" : 0.000000,
        "bw_samples" : 0,
        "iops_min" : 0,
        "iops_max" : 0,
        "iops_mean" : 0.000000,
        "iops_stddev" : 0.000000,
        "iops_samples" : 0
      },
      "sync" : {
        "total_ios" : 0,
        "lat_ns" : {
          "min" : 0,
          "max" : 0,
          "mean" : 0.000000,
          "stddev" : 0.000000,
          "N" : 0
        }
      },
      "job_runtime" : 960174,
      "usr_cpu" : 0.038743,
      "sys_cpu" : 0.288281,
      "ctx" : 24657,
      "majf" : 0,
      "minf" : 4398,
      "iodepth_level" : {
        "1" : 100.000000,
        "2" : 0.000000,
        "4" : 0.000000,
        "8" : 0.000000,
        "16" : 0.000000,
        "32" : 0.000000,
        ">=64" : 0.000000
      },
      "iodepth_submit" : {
        "0" : 0.000000,
        "4" : 100.000000,
        "8" : 0.000000,
        "16" : 0.000000,
        "32" : 0.000000,
        "64" : 0.000000,
        ">=64" : 0.000000
      },
      "iodepth_complete" : {
        "0" : 0.000000,
        "4" : 100.000000,
        "8" : 0.000000,
        "16" : 0.000000,
        "32" : 0.000000,
        "64" : 0.000000,
        ">=64" : 0.000000
      },
      "latency_ns" : {
        "2" : 0.000000,
        "4" : 0.000000,
        "10" : 0.000000,
        "20" : 0.000000,
        "50" : 0.000000,
        "100" : 0.000000,
        "250" : 0.000000,
        "500" : 0.000000,
        "750" : 0.000000,
        "1000" : 0.000000
      },
      "latency_us" : {
        "2" : 0.000000,
        "4" : 0.000000,
        "10" : 0.000000,
        "20" : 0.000000,
        "50" : 0.000000,
        "100" : 0.000000,
        "250" : 0.000000,
        "500" : 0.167340,
        "750" : 4.546753,
        "1000" : 2.424391
      },
      "latency_ms" : {
        "2" : 2.281540,
        "4" : 1.244847,
        "10" : 0.808130,
        "20" : 23.199053,
        "50" : 46.528713,
        "100" : 11.868903,
        "250" : 5.734460,
        "500" : 1.057100,
        "750" : 0.077548,
        "1000" : 0.016326,
        "2000" : 0.044896,
        ">=2000" : 0.000000
      },
      "latency_depth" : 1,
      "latency_target" : 0,
      "latency_percentile" : 100.000000,
      "latency_window" : 0
    }
  ]
}
