{
  "fio version" : "fio-3.38",
  "timestamp" : 1731024870,
  "timestamp_ms" : 1731024870202,
  "time" : "Fri Nov  8 13:14:30 2024",
  "jobs" : [
    {
      "jobname" : "gpfs_test",
      "groupid" : 0,
      "job_start" : 1731024810016,
      "error" : 0,
      "eta" : 0,
      "elapsed" : 61,
      "job options" : {
        "name" : "gpfs_test",
        "directory" : "/nesi/nobackup/nesi99999/Dinindu/IO-CUSTOM/GPFS_Client/testdir",
        "size" : "10G",
        "runtime" : "60",
        "ioengine" : "psync",
        "direct" : "1",
        "verify" : "0",
        "bs" : "8M",
        "rw" : "randrw",
        "numjobs" : "4",
        "filename_format" : "f.$jobnum.dat"
      },
      "read" : {
        "io_bytes" : 6333399040,
        "io_kbytes" : 6184960,
        "bw_bytes" : 105514444,
        "bw" : 103041,
        "iops" : 12.578302,
        "runtime" : 60024,
        "total_ios" : 755,
        "short_ios" : 0,
        "drop_ios" : 0,
        "slat_ns" : {
          "min" : 0,
          "max" : 0,
          "mean" : 0.000000,
          "stddev" : 0.000000,
          "N" : 0
        },
        "clat_ns" : {
          "min" : 234200,
          "max" : 6214496438,
          "mean" : 101050939.246358,
          "stddev" : 382174394.460943,
          "N" : 755,
          "percentile" : {
            "1.000000" : 305152,
            "5.000000" : 528384,
            "10.000000" : 675840,
            "20.000000" : 1433600,
            "30.000000" : 2801664,
            "40.000000" : 28442624,
            "50.000000" : 37486592,
            "60.000000" : 45350912,
            "70.000000" : 54263808,
            "80.000000" : 70778880,
            "90.000000" : 173015040,
            "95.000000" : 304087040,
            "99.000000" : 1988100096,
            "99.500000" : 2936012800,
            "99.900000" : 6207569920,
            "99.950000" : 6207569920,
            "99.990000" : 6207569920
          }
        },
        "lat_ns" : {
          "min" : 234320,
          "max" : 6214498442,
          "mean" : 101051986.117881,
          "stddev" : 382174450.772158,
          "N" : 755
        },
        "bw_min" : 65536,
        "bw_max" : 557056,
        "bw_agg" : 100.000000,
        "bw_mean" : 193912.379323,
        "bw_dev" : 29557.464621,
        "bw_samples" : 254,
        "iops_min" : 8,
        "iops_max" : 68,
        "iops_mean" : 23.670945,
        "iops_stddev" : 3.608089,
        "iops_samples" : 254
      },
      "write" : {
        "io_bytes" : 6601834496,
        "io_kbytes" : 6447104,
        "bw_bytes" : 109986580,
        "bw" : 107408,
        "iops" : 13.111422,
        "runtime" : 60024,
        "total_ios" : 787,
        "short_ios" : 0,
        "drop_ios" : 0,
        "slat_ns" : {
          "min" : 0,
          "max" : 0,
          "mean" : 0.000000,
          "stddev" : 0.000000,
          "N" : 0
        },
        "clat_ns" : {
          "min" : 26997452,
          "max" : 6897244347,
          "mean" : 207689757.941550,
          "stddev" : 531639644.459580,
          "N" : 787,
          "percentile" : {
            "1.000000" : 31588352,
            "5.000000" : 39583744,
            "10.000000" : 45350912,
            "20.000000" : 55312384,
            "30.000000" : 65798144,
            "40.000000" : 74973184,
            "50.000000" : 89653248,
            "60.000000" : 106430464,
            "70.000000" : 129499136,
            "80.000000" : 170917888,
            "90.000000" : 261095424,
            "95.000000" : 526385152,
            "99.000000" : 3070230528,
            "99.500000" : 4244635648,
            "99.900000" : 6878658560,
            "99.950000" : 6878658560,
            "99.990000" : 6878658560
          }
        },
        "lat_ns" : {
          "min" : 27172090,
          "max" : 6897569799,
          "mean" : 208070496.730623,
          "stddev" : 531634216.476278,
          "N" : 787
        },
        "bw_min" : 65536,
        "bw_max" : 425984,
        "bw_agg" : 100.000000,
        "bw_mean" : 183760.912230,
        "bw_dev" : 23411.729558,
        "bw_samples" : 277,
        "iops_min" : 8,
        "iops_max" : 52,
        "iops_mean" : 22.431752,
        "iops_stddev" : 2.857877,
        "iops_samples" : 277
      },
      "trim" : {
        "io_bytes" : 0,
        "io_kbytes" : 0,
        "bw_bytes" : 0,
        "bw" : 0,
        "iops" : 0.000000,
        "runtime" : 0,
        "total_ios" : 0,
        "short_ios" : 0,
        "drop_ios" : 0,
        "slat_ns" : {
          "min" : 0,
          "max" : 0,
          "mean" : 0.000000,
          "stddev" : 0.000000,
          "N" : 0
        },
        "clat_ns" : {
          "min" : 0,
          "max" : 0,
          "mean" : 0.000000,
          "stddev" : 0.000000,
          "N" : 0
        },
        "lat_ns" : {
          "min" : 0,
          "max" : 0,
          "mean" : 0.000000,
          "stddev" : 0.000000,
          "N" : 0
        },
        "bw_min" : 0,
        "bw_max" : 0,
        "bw_agg" : 0.000000,
        "bw_mean" : 0.000000,
        "bw_dev" : 0.000000,
        "bw_samples" : 0,
        "iops_min" : 0,
        "iops_max" : 0,
        "iops_mean" : 0.000000,
        "iops_stddev" : 0.000000,
        "iops_samples" : 0
      },
      "sync" : {
        "total_ios" : 0,
        "lat_ns" : {
          "min" : 0,
          "max" : 0,
          "mean" : 0.000000,
          "stddev" : 0.000000,
          "N" : 0
        }
      },
      "job_runtime" : 240068,
      "usr_cpu" : 0.127464,
      "sys_cpu" : 0.297832,
      "ctx" : 1358,
      "majf" : 0,
      "minf" : 71,
      "iodepth_level" : {
        "1" : 100.000000,
        "2" : 0.000000,
        "4" : 0.000000,
        "8" : 0.000000,
        "16" : 0.000000,
        "32" : 0.000000,
        ">=64" : 0.000000
      },
      "iodepth_submit" : {
        "0" : 0.000000,
        "4" : 100.000000,
        "8" : 0.000000,
        "16" : 0.000000,
        "32" : 0.000000,
        "64" : 0.000000,
        ">=64" : 0.000000
      },
      "iodepth_complete" : {
        "0" : 0.000000,
        "4" : 100.000000,
        "8" : 0.000000,
        "16" : 0.000000,
        "32" : 0.000000,
        "64" : 0.000000,
        ">=64" : 0.000000
      },
      "latency_ns" : {
        "2" : 0.000000,
        "4" : 0.000000,
        "10" : 0.000000,
        "20" : 0.000000,
        "50" : 0.000000,
        "100" : 0.000000,
        "250" : 0.000000,
        "500" : 0.000000,
        "750" : 0.000000,
        "1000" : 0.000000
      },
      "latency_us" : {
        "2" : 0.000000,
        "4" : 0.000000,
        "10" : 0.000000,
        "20" : 0.000000,
        "50" : 0.000000,
        "100" : 0.000000,
        "250" : 0.129702,
        "500" : 2.140078,
        "750" : 3.955901,
        "1000" : 1.750973
      },
      "latency_ms" : {
        "2" : 3.696498,
        "4" : 5.836576,
        "10" : 1.102464,
        "20" : 0.194553,
        "50" : 21.271077,
        "100" : 30.674449,
        "250" : 20.622568,
        "500" : 4.539559,
        "750" : 0.843061,
        "1000" : 0.129702,
        "2000" : 1.750973,
        ">=2000" : 1.361868
      },
      "latency_depth" : 1,
      "latency_target" : 0,
      "latency_percentile" : 100.000000,
      "latency_window" : 0
    }
  ]
}
