{
  "fio version" : "fio-3.38",
  "timestamp" : 1731024683,
  "timestamp_ms" : 1731024683597,
  "time" : "Fri Nov  8 13:11:23 2024",
  "jobs" : [
    {
      "jobname" : "gpfs_test",
      "groupid" : 0,
      "job_start" : 1731024619392,
      "error" : 0,
      "eta" : 0,
      "elapsed" : 65,
      "job options" : {
        "name" : "gpfs_test",
        "directory" : "/nesi/nobackup/nesi99999/Dinindu/IO-CUSTOM/GPFS_Client/testdir",
        "size" : "10G",
        "runtime" : "60",
        "ioengine" : "psync",
        "direct" : "1",
        "verify" : "0",
        "bs" : "4M",
        "rw" : "randrw",
        "numjobs" : "8",
        "filename_format" : "f.$jobnum.dat"
      },
      "read" : {
        "io_bytes" : 7361003520,
        "io_kbytes" : 7188480,
        "bw_bytes" : 114812963,
        "bw" : 112122,
        "iops" : 27.373544,
        "runtime" : 64113,
        "total_ios" : 1755,
        "short_ios" : 0,
        "drop_ios" : 0,
        "slat_ns" : {
          "min" : 0,
          "max" : 0,
          "mean" : 0.000000,
          "stddev" : 0.000000,
          "N" : 0
        },
        "clat_ns" : {
          "min" : 127800,
          "max" : 5534886277,
          "mean" : 52925932.792593,
          "stddev" : 273178674.124900,
          "N" : 1755,
          "percentile" : {
            "1.000000" : 158720,
            "5.000000" : 232448,
            "10.000000" : 370688,
            "20.000000" : 593920,
            "30.000000" : 1155072,
            "40.000000" : 1990656,
            "50.000000" : 22151168,
            "60.000000" : 27918336,
            "70.000000" : 33816576,
            "80.000000" : 44302336,
            "90.000000" : 69730304,
            "95.000000" : 145752064,
            "99.000000" : 700448768,
            "99.500000" : 1753219072,
            "99.900000" : 4865392640,
            "99.950000" : 5536481280,
            "99.990000" : 5536481280
          }
        },
        "lat_ns" : {
          "min" : 127850,
          "max" : 5534886969,
          "mean" : 52926557.755556,
          "stddev" : 273178672.978372,
          "N" : 1755
        },
        "bw_min" : 65536,
        "bw_max" : 589824,
        "bw_agg" : 100.000000,
        "bw_mean" : 178453.161058,
        "bw_dev" : 14375.047903,
        "bw_samples" : 643,
        "iops_min" : 16,
        "iops_max" : 144,
        "iops_mean" : 43.567666,
        "iops_stddev" : 3.509533,
        "iops_samples" : 643
      },
      "write" : {
        "io_bytes" : 7721713664,
        "io_kbytes" : 7540736,
        "bw_bytes" : 120439125,
        "bw" : 117616,
        "iops" : 28.714925,
        "runtime" : 64113,
        "total_ios" : 1841,
        "short_ios" : 0,
        "drop_ios" : 0,
        "slat_ns" : {
          "min" : 0,
          "max" : 0,
          "mean" : 0.000000,
          "stddev" : 0.000000,
          "N" : 0
        },
        "clat_ns" : {
          "min" : 34449377,
          "max" : 4925522735,
          "mean" : 213893999.109180,
          "stddev" : 282532626.998363,
          "N" : 1841,
          "percentile" : {
            "1.000000" : 66846720,
            "5.000000" : 85458944,
            "10.000000" : 95944704,
            "20.000000" : 109576192,
            "30.000000" : 122159104,
            "40.000000" : 132644864,
            "50.000000" : 149946368,
            "60.000000" : 168820736,
            "70.000000" : 196083712,
            "80.000000" : 242221056,
            "90.000000" : 341835776,
            "95.000000" : 459276288,
            "99.000000" : 1669332992,
            "99.500000" : 1904214016,
            "99.900000" : 4529848320,
            "99.950000" : 4932501504,
            "99.990000" : 4932501504
          }
        },
        "lat_ns" : {
          "min" : 34741216,
          "max" : 4925902639,
          "mean" : 214045976.085280,
          "stddev" : 282547290.415250,
          "N" : 1841
        },
        "bw_min" : 65536,
        "bw_max" : 278528,
        "bw_agg" : 100.000000,
        "bw_mean" : 152934.992840,
        "bw_dev" : 7729.569183,
        "bw_samples" : 787,
        "iops_min" : 16,
        "iops_max" : 68,
        "iops_mean" : 37.337563,
        "iops_stddev" : 1.887105,
        "iops_samples" : 787
      },
      "trim" : {
        "io_bytes" : 0,
        "io_kbytes" : 0,
        "bw_bytes" : 0,
        "bw" : 0,
        "iops" : 0.000000,
        "runtime" : 0,
        "total_ios" : 0,
        "short_ios" : 0,
        "drop_ios" : 0,
        "slat_ns" : {
          "min" : 0,
          "max" : 0,
          "mean" : 0.000000,
          "stddev" : 0.000000,
          "N" : 0
        },
        "clat_ns" : {
          "min" : 0,
          "max" : 0,
          "mean" : 0.000000,
          "stddev" : 0.000000,
          "N" : 0
        },
        "lat_ns" : {
          "min" : 0,
          "max" : 0,
          "mean" : 0.000000,
          "stddev" : 0.000000,
          "N" : 0
        },
        "bw_min" : 0,
        "bw_max" : 0,
        "bw_agg" : 0.000000,
        "bw_mean" : 0.000000,
        "bw_dev" : 0.000000,
        "bw_samples" : 0,
        "iops_min" : 0,
        "iops_max" : 0,
        "iops_mean" : 0.000000,
        "iops_stddev" : 0.000000,
        "iops_samples" : 0
      },
      "sync" : {
        "total_ios" : 0,
        "lat_ns" : {
          "min" : 0,
          "max" : 0,
          "mean" : 0.000000,
          "stddev" : 0.000000,
          "N" : 0
        }
      },
      "job_runtime" : 486973,
      "usr_cpu" : 0.063453,
      "sys_cpu" : 0.188717,
      "ctx" : 3213,
      "majf" : 0,
      "minf" : 138,
      "iodepth_level" : {
        "1" : 100.000000,
        "2" : 0.000000,
        "4" : 0.000000,
        "8" : 0.000000,
        "16" : 0.000000,
        "32" : 0.000000,
        ">=64" : 0.000000
      },
      "iodepth_submit" : {
        "0" : 0.000000,
        "4" : 100.000000,
        "8" : 0.000000,
        "16" : 0.000000,
        "32" : 0.000000,
        "64" : 0.000000,
        ">=64" : 0.000000
      },
      "iodepth_complete" : {
        "0" : 0.000000,
        "4" : 100.000000,
        "8" : 0.000000,
        "16" : 0.000000,
        "32" : 0.000000,
        "64" : 0.000000,
        ">=64" : 0.000000
      },
      "latency_ns" : {
        "2" : 0.000000,
        "4" : 0.000000,
        "10" : 0.000000,
        "20" : 0.000000,
        "50" : 0.000000,
        "100" : 0.000000,
        "250" : 0.000000,
        "500" : 0.000000,
        "750" : 0.000000,
        "1000" : 0.000000
      },
      "latency_us" : {
        "2" : 0.000000,
        "4" : 0.000000,
        "10" : 0.000000,
        "20" : 0.000000,
        "50" : 0.000000,
        "100" : 0.000000,
        "250" : 2.808676,
        "500" : 5.784205,
        "750" : 2.808676,
        "1000" : 2.057842
      },
      "latency_ms" : {
        "2" : 6.117909,
        "4" : 2.975528,
        "10" : 0.945495,
        "20" : 0.278087,
        "50" : 17.102336,
        "100" : 11.012236,
        "250" : 37.263626,
        "500" : 8.008899,
        "750" : 1.279199,
        "1000" : 0.278087,
        "2000" : 0.889878,
        ">=2000" : 0.389321
      },
      "latency_depth" : 1,
      "latency_target" : 0,
      "latency_percentile" : 100.000000,
      "latency_window" : 0
    }
  ]
}
