{
  "fio version" : "fio-3.38",
  "timestamp" : 1731024250,
  "timestamp_ms" : 1731024250374,
  "time" : "Fri Nov  8 13:04:10 2024",
  "jobs" : [
    {
      "jobname" : "gpfs_test",
      "groupid" : 0,
      "job_start" : 1731024189193,
      "error" : 0,
      "eta" : 0,
      "elapsed" : 62,
      "job options" : {
        "name" : "gpfs_test",
        "directory" : "/nesi/nobackup/nesi99999/Dinindu/IO-CUSTOM/GPFS_Client/testdir",
        "size" : "10G",
        "runtime" : "60",
        "ioengine" : "psync",
        "direct" : "1",
        "verify" : "0",
        "bs" : "16M",
        "rw" : "read",
        "numjobs" : "16",
        "filename_format" : "f.$jobnum.dat"
      },
      "read" : {
        "io_bytes" : 303181070336,
        "io_kbytes" : 296075264,
        "bw_bytes" : 4970914894,
        "bw" : 4854409,
        "iops" : 296.289617,
        "runtime" : 60991,
        "total_ios" : 18071,
        "short_ios" : 0,
        "drop_ios" : 0,
        "slat_ns" : {
          "min" : 0,
          "max" : 0,
          "mean" : 0.000000,
          "stddev" : 0.000000,
          "N" : 0
        },
        "clat_ns" : {
          "min" : 360057,
          "max" : 2684782214,
          "mean" : 53567279.108572,
          "stddev" : 133455921.163110,
          "N" : 18071,
          "percentile" : {
            "1.000000" : 366592,
            "5.000000" : 370688,
            "10.000000" : 374784,
            "20.000000" : 395264,
            "30.000000" : 423936,
            "40.000000" : 468992,
            "50.000000" : 1236992,
            "60.000000" : 14483456,
            "70.000000" : 42729472,
            "80.000000" : 81264640,
            "90.000000" : 125304832,
            "95.000000" : 214958080,
            "99.000000" : 708837376,
            "99.500000" : 918552576,
            "99.900000" : 1300234240,
            "99.950000" : 1585446912,
            "99.990000" : 2139095040
          }
        },
        "lat_ns" : {
          "min" : 360097,
          "max" : 2684782424,
          "mean" : 53567698.215428,
          "stddev" : 133456129.234659,
          "N" : 18071
        },
        "bw_min" : 524288,
        "bw_max" : 175439872,
        "bw_agg" : 100.000000,
        "bw_mean" : 5510011.268222,
        "bw_dev" : 1432960.363313,
        "bw_samples" : 1714,
        "iops_min" : 32,
        "iops_max" : 10708,
        "iops_mean" : 336.304248,
        "iops_stddev" : 87.460963,
        "iops_samples" : 1714
      },
      "write" : {
        "io_bytes" : 0,
        "io_kbytes" : 0,
        "bw_bytes" : 0,
        "bw" : 0,
        "iops" : 0.000000,
        "runtime" : 0,
        "total_ios" : 0,
        "short_ios" : 0,
        "drop_ios" : 0,
        "slat_ns" : {
          "min" : 0,
          "max" : 0,
          "mean" : 0.000000,
          "stddev" : 0.000000,
          "N" : 0
        },
        "clat_ns" : {
          "min" : 0,
          "max" : 0,
          "mean" : 0.000000,
          "stddev" : 0.000000,
          "N" : 0
        },
        "lat_ns" : {
          "min" : 0,
          "max" : 0,
          "mean" : 0.000000,
          "stddev" : 0.000000,
          "N" : 0
        },
        "bw_min" : 0,
        "bw_max" : 0,
        "bw_agg" : 0.000000,
        "bw_mean" : 0.000000,
        "bw_dev" : 0.000000,
        "bw_samples" : 0,
        "iops_min" : 0,
        "iops_max" : 0,
        "iops_mean" : 0.000000,
        "iops_stddev" : 0.000000,
        "iops_samples" : 0
      },
      "trim" : {
        "io_bytes" : 0,
        "io_kbytes" : 0,
        "bw_bytes" : 0,
        "bw" : 0,
        "iops" : 0.000000,
        "runtime" : 0,
        "total_ios" : 0,
        "short_ios" : 0,
        "drop_ios" : 0,
        "slat_ns" : {
          "min" : 0,
          "max" : 0,
          "mean" : 0.000000,
          "stddev" : 0.000000,
          "N" : 0
        },
        "clat_ns" : {
          "min" : 0,
          "max" : 0,
          "mean" : 0.000000,
          "stddev" : 0.000000,
          "N" : 0
        },
        "lat_ns" : {
          "min" : 0,
          "max" : 0,
          "mean" : 0.000000,
          "stddev" : 0.000000,
          "N" : 0
        },
        "bw_min" : 0,
        "bw_max" : 0,
        "bw_agg" : 0.000000,
        "bw_mean" : 0.000000,
        "bw_dev" : 0.000000,
        "bw_samples" : 0,
        "iops_min" : 0,
        "iops_max" : 0,
        "iops_mean" : 0.000000,
        "iops_stddev" : 0.000000,
        "iops_samples" : 0
      },
      "sync" : {
        "total_ios" : 0,
        "lat_ns" : {
          "min" : 0,
          "max" : 0,
          "mean" : 0.000000,
          "stddev" : 0.000000,
          "N" : 0
        }
      },
      "job_runtime" : 968199,
      "usr_cpu" : 0.014253,
      "sys_cpu" : 0.865834,
      "ctx" : 8271,
      "majf" : 0,
      "minf" : 8825,
      "iodepth_level" : {
        "1" : 100.000000,
        "2" : 0.000000,
        "4" : 0.000000,
        "8" : 0.000000,
        "16" : 0.000000,
        "32" : 0.000000,
        ">=64" : 0.000000
      },
      "iodepth_submit" : {
        "0" : 0.000000,
        "4" : 100.000000,
        "8" : 0.000000,
        "16" : 0.000000,
        "32" : 0.000000,
        "64" : 0.000000,
        ">=64" : 0.000000
      },
      "iodepth_complete" : {
        "0" : 0.000000,
        "4" : 100.000000,
        "8" : 0.000000,
        "16" : 0.000000,
        "32" : 0.000000,
        "64" : 0.000000,
        ">=64" : 0.000000
      },
      "latency_ns" : {
        "2" : 0.000000,
        "4" : 0.000000,
        "10" : 0.000000,
        "20" : 0.000000,
        "50" : 0.000000,
        "100" : 0.000000,
        "250" : 0.000000,
        "500" : 0.000000,
        "750" : 0.000000,
        "1000" : 0.000000
      },
      "latency_us" : {
        "2" : 0.000000,
        "4" : 0.000000,
        "10" : 0.000000,
        "20" : 0.000000,
        "50" : 0.000000,
        "100" : 0.000000,
        "250" : 0.000000,
        "500" : 42.808920,
        "750" : 4.770074,
        "1000" : 1.355763
      },
      "latency_ms" : {
        "2" : 2.988213,
        "4" : 2.943943,
        "10" : 3.209562,
        "20" : 4.172431,
        "50" : 10.010514,
        "100" : 12.450888,
        "250" : 10.812905,
        "500" : 2.423773,
        "750" : 1.245089,
        "1000" : 0.398428,
        "2000" : 0.392895,
        ">=2000" : 0.016601
      },
      "latency_depth" : 1,
      "latency_target" : 0,
      "latency_percentile" : 100.000000,
      "latency_window" : 0
    }
  ]
}
