{
  "fio version" : "fio-3.38",
  "timestamp" : 1731023391,
  "timestamp_ms" : 1731023391071,
  "time" : "Fri Nov  8 12:49:51 2024",
  "jobs" : [
    {
      "jobname" : "gpfs_test",
      "groupid" : 0,
      "job_start" : 1731023331034,
      "error" : 0,
      "eta" : 0,
      "elapsed" : 61,
      "job options" : {
        "name" : "gpfs_test",
        "directory" : "/nesi/nobackup/nesi99999/Dinindu/IO-CUSTOM/GPFS_Client/testdir",
        "size" : "10G",
        "runtime" : "60",
        "ioengine" : "psync",
        "direct" : "1",
        "verify" : "0",
        "bs" : "1M",
        "rw" : "read",
        "numjobs" : "4",
        "filename_format" : "f.$jobnum.dat"
      },
      "read" : {
        "io_bytes" : 6707740672,
        "io_kbytes" : 6550528,
        "bw_bytes" : 111756563,
        "bw" : 109137,
        "iops" : 106.579364,
        "runtime" : 60021,
        "total_ios" : 6397,
        "short_ios" : 0,
        "drop_ios" : 0,
        "slat_ns" : {
          "min" : 0,
          "max" : 0,
          "mean" : 0.000000,
          "stddev" : 0.000000,
          "N" : 0
        },
        "clat_ns" : {
          "min" : 470244,
          "max" : 968190535,
          "mean" : 37521752.957793,
          "stddev" : 44541684.521440,
          "N" : 6397,
          "percentile" : {
            "1.000000" : 634880,
            "5.000000" : 9502720,
            "10.000000" : 14745600,
            "20.000000" : 18219008,
            "30.000000" : 20578304,
            "40.000000" : 22937600,
            "50.000000" : 25559040,
            "60.000000" : 29491200,
            "70.000000" : 35913728,
            "80.000000" : 46399488,
            "90.000000" : 66846720,
            "95.000000" : 98041856,
            "99.000000" : 229638144,
            "99.500000" : 283115520,
            "99.900000" : 530579456,
            "99.950000" : 650117120,
            "99.990000" : 968884224
          }
        },
        "lat_ns" : {
          "min" : 470284,
          "max" : 968191296,
          "mean" : 37522182.348132,
          "stddev" : 44541688.135848,
          "N" : 6397
        },
        "bw_min" : 10240,
        "bw_max" : 221184,
        "bw_agg" : 100.000000,
        "bw_mean" : 109538.692352,
        "bw_dev" : 13601.079696,
        "bw_samples" : 474,
        "iops_min" : 10,
        "iops_max" : 216,
        "iops_mean" : 106.970944,
        "iops_stddev" : 13.282297,
        "iops_samples" : 474
      },
      "write" : {
        "io_bytes" : 0,
        "io_kbytes" : 0,
        "bw_bytes" : 0,
        "bw" : 0,
        "iops" : 0.000000,
        "runtime" : 0,
        "total_ios" : 0,
        "short_ios" : 0,
        "drop_ios" : 0,
        "slat_ns" : {
          "min" : 0,
          "max" : 0,
          "mean" : 0.000000,
          "stddev" : 0.000000,
          "N" : 0
        },
        "clat_ns" : {
          "min" : 0,
          "max" : 0,
          "mean" : 0.000000,
          "stddev" : 0.000000,
          "N" : 0
        },
        "lat_ns" : {
          "min" : 0,
          "max" : 0,
          "mean" : 0.000000,
          "stddev" : 0.000000,
          "N" : 0
        },
        "bw_min" : 0,
        "bw_max" : 0,
        "bw_agg" : 0.000000,
        "bw_mean" : 0.000000,
        "bw_dev" : 0.000000,
        "bw_samples" : 0,
        "iops_min" : 0,
        "iops_max" : 0,
        "iops_mean" : 0.000000,
        "iops_stddev" : 0.000000,
        "iops_samples" : 0
      },
      "trim" : {
        "io_bytes" : 0,
        "io_kbytes" : 0,
        "bw_bytes" : 0,
        "bw" : 0,
        "iops" : 0.000000,
        "runtime" : 0,
        "total_ios" : 0,
        "short_ios" : 0,
        "drop_ios" : 0,
        "slat_ns" : {
          "min" : 0,
          "max" : 0,
          "mean" : 0.000000,
          "stddev" : 0.000000,
          "N" : 0
        },
        "clat_ns" : {
          "min" : 0,
          "max" : 0,
          "mean" : 0.000000,
          "stddev" : 0.000000,
          "N" : 0
        },
        "lat_ns" : {
          "min" : 0,
          "max" : 0,
          "mean" : 0.000000,
          "stddev" : 0.000000,
          "N" : 0
        },
        "bw_min" : 0,
        "bw_max" : 0,
        "bw_agg" : 0.000000,
        "bw_mean" : 0.000000,
        "bw_dev" : 0.000000,
        "bw_samples" : 0,
        "iops_min" : 0,
        "iops_max" : 0,
        "iops_mean" : 0.000000,
        "iops_stddev" : 0.000000,
        "iops_samples" : 0
      },
      "sync" : {
        "total_ios" : 0,
        "lat_ns" : {
          "min" : 0,
          "max" : 0,
          "mean" : 0.000000,
          "stddev" : 0.000000,
          "N" : 0
        }
      },
      "job_runtime" : 240052,
      "usr_cpu" : 0.014164,
      "sys_cpu" : 0.215370,
      "ctx" : 6438,
      "majf" : 0,
      "minf" : 1098,
      "iodepth_level" : {
        "1" : 100.000000,
        "2" : 0.000000,
        "4" : 0.000000,
        "8" : 0.000000,
        "16" : 0.000000,
        "32" : 0.000000,
        ">=64" : 0.000000
      },
      "iodepth_submit" : {
        "0" : 0.000000,
        "4" : 100.000000,
        "8" : 0.000000,
        "16" : 0.000000,
        "32" : 0.000000,
        "64" : 0.000000,
        ">=64" : 0.000000
      },
      "iodepth_complete" : {
        "0" : 0.000000,
        "4" : 100.000000,
        "8" : 0.000000,
        "16" : 0.000000,
        "32" : 0.000000,
        "64" : 0.000000,
        ">=64" : 0.000000
      },
      "latency_ns" : {
        "2" : 0.000000,
        "4" : 0.000000,
        "10" : 0.000000,
        "20" : 0.000000,
        "50" : 0.000000,
        "100" : 0.000000,
        "250" : 0.000000,
        "500" : 0.000000,
        "750" : 0.000000,
        "1000" : 0.000000
      },
      "latency_us" : {
        "2" : 0.000000,
        "4" : 0.000000,
        "10" : 0.000000,
        "20" : 0.000000,
        "50" : 0.000000,
        "100" : 0.000000,
        "250" : 0.000000,
        "500" : 0.031265,
        "750" : 1.875879,
        "1000" : 1.375645
      },
      "latency_ms" : {
        "2" : 0.578396,
        "4" : 0.640925,
        "10" : 0.609661,
        "20" : 22.322964,
        "50" : 55.025793,
        "100" : 12.709082,
        "250" : 4.095670,
        "500" : 0.625293,
        "750" : 0.078162,
        "1000" : 0.031265,
        "2000" : 0.000000,
        ">=2000" : 0.000000
      },
      "latency_depth" : 1,
      "latency_target" : 0,
      "latency_percentile" : 100.000000,
      "latency_window" : 0
    }
  ]
}
