{
  "fio version" : "fio-3.38",
  "timestamp" : 1731025121,
  "timestamp_ms" : 1731025121296,
  "time" : "Fri Nov  8 13:18:41 2024",
  "jobs" : [
    {
      "jobname" : "gpfs_test",
      "groupid" : 0,
      "job_start" : 1731025061046,
      "error" : 0,
      "eta" : 0,
      "elapsed" : 61,
      "job options" : {
        "name" : "gpfs_test",
        "directory" : "/nesi/nobackup/nesi99999/Dinindu/IO-CUSTOM/GPFS_Client/testdir",
        "size" : "10G",
        "runtime" : "60",
        "ioengine" : "psync",
        "direct" : "1",
        "verify" : "0",
        "bs" : "16M",
        "rw" : "randrw",
        "numjobs" : "4",
        "filename_format" : "f.$jobnum.dat"
      },
      "read" : {
        "io_bytes" : 7902068736,
        "io_kbytes" : 7716864,
        "bw_bytes" : 131403298,
        "bw" : 128323,
        "iops" : 7.832247,
        "runtime" : 60136,
        "total_ios" : 471,
        "short_ios" : 0,
        "drop_ios" : 0,
        "slat_ns" : {
          "min" : 0,
          "max" : 0,
          "mean" : 0.000000,
          "stddev" : 0.000000,
          "N" : 0
        },
        "clat_ns" : {
          "min" : 816846,
          "max" : 8756836814,
          "mean" : 176814319.254777,
          "stddev" : 623801278.986618,
          "N" : 471,
          "percentile" : {
            "1.000000" : 1105920,
            "5.000000" : 1400832,
            "10.000000" : 2670592,
            "20.000000" : 8454144,
            "30.000000" : 40632320,
            "40.000000" : 60030976,
            "50.000000" : 76021760,
            "60.000000" : 87556096,
            "70.000000" : 103284736,
            "80.000000" : 135266304,
            "90.000000" : 278921216,
            "95.000000" : 442499072,
            "99.000000" : 3439329280,
            "99.500000" : 3875536896,
            "99.900000" : 8791261184,
            "99.950000" : 8791261184,
            "99.990000" : 8791261184
          }
        },
        "lat_ns" : {
          "min" : 817296,
          "max" : 8756837105,
          "mean" : 176815227.692144,
          "stddev" : 623801314.483965,
          "N" : 471
        },
        "bw_min" : 131072,
        "bw_max" : 720896,
        "bw_agg" : 100.000000,
        "bw_mean" : 265281.528387,
        "bw_dev" : 40007.572392,
        "bw_samples" : 231,
        "iops_min" : 8,
        "iops_max" : 44,
        "iops_mean" : 16.187056,
        "iops_stddev" : 2.441183,
        "iops_samples" : 231
      },
      "write" : {
        "io_bytes" : 8220835840,
        "io_kbytes" : 8028160,
        "bw_bytes" : 136704068,
        "bw" : 133500,
        "iops" : 8.148197,
        "runtime" : 60136,
        "total_ios" : 490,
        "short_ios" : 0,
        "drop_ios" : 0,
        "slat_ns" : {
          "min" : 0,
          "max" : 0,
          "mean" : 0.000000,
          "stddev" : 0.000000,
          "N" : 0
        },
        "clat_ns" : {
          "min" : 46782677,
          "max" : 7038510626,
          "mean" : 319579858.610204,
          "stddev" : 565188416.755151,
          "N" : 490,
          "percentile" : {
            "1.000000" : 62128128,
            "5.000000" : 92798976,
            "10.000000" : 104333312,
            "20.000000" : 128450560,
            "30.000000" : 156237824,
            "40.000000" : 179306496,
            "50.000000" : 196083712,
            "60.000000" : 229638144,
            "70.000000" : 270532608,
            "80.000000" : 325058560,
            "90.000000" : 463470592,
            "95.000000" : 759169024,
            "99.000000" : 3305111552,
            "99.500000" : 4529848320,
            "99.900000" : 7012876288,
            "99.950000" : 7012876288,
            "99.990000" : 7012876288
          }
        },
        "lat_ns" : {
          "min" : 48280282,
          "max" : 7040062022,
          "mean" : 320321010.406122,
          "stddev" : 565199649.108944,
          "N" : 490
        },
        "bw_min" : 131072,
        "bw_max" : 492241,
        "bw_agg" : 100.000000,
        "bw_mean" : 223850.118138,
        "bw_dev" : 24603.688475,
        "bw_samples" : 285,
        "iops_min" : 8,
        "iops_max" : 30,
        "iops_mean" : 13.658335,
        "iops_stddev" : 1.500901,
        "iops_samples" : 285
      },
      "trim" : {
        "io_bytes" : 0,
        "io_kbytes" : 0,
        "bw_bytes" : 0,
        "bw" : 0,
        "iops" : 0.000000,
        "runtime" : 0,
        "total_ios" : 0,
        "short_ios" : 0,
        "drop_ios" : 0,
        "slat_ns" : {
          "min" : 0,
          "max" : 0,
          "mean" : 0.000000,
          "stddev" : 0.000000,
          "N" : 0
        },
        "clat_ns" : {
          "min" : 0,
          "max" : 0,
          "mean" : 0.000000,
          "stddev" : 0.000000,
          "N" : 0
        },
        "lat_ns" : {
          "min" : 0,
          "max" : 0,
          "mean" : 0.000000,
          "stddev" : 0.000000,
          "N" : 0
        },
        "bw_min" : 0,
        "bw_max" : 0,
        "bw_agg" : 0.000000,
        "bw_mean" : 0.000000,
        "bw_dev" : 0.000000,
        "bw_samples" : 0,
        "iops_min" : 0,
        "iops_max" : 0,
        "iops_mean" : 0.000000,
        "iops_stddev" : 0.000000,
        "iops_samples" : 0
      },
      "sync" : {
        "total_ios" : 0,
        "lat_ns" : {
          "min" : 0,
          "max" : 0,
          "mean" : 0.000000,
          "stddev" : 0.000000,
          "N" : 0
        }
      },
      "job_runtime" : 240244,
      "usr_cpu" : 0.151929,
      "sys_cpu" : 0.408335,
      "ctx" : 1162,
      "majf" : 0,
      "minf" : 68,
      "iodepth_level" : {
        "1" : 100.000000,
        "2" : 0.000000,
        "4" : 0.000000,
        "8" : 0.000000,
        "16" : 0.000000,
        "32" : 0.000000,
        ">=64" : 0.000000
      },
      "iodepth_submit" : {
        "0" : 0.000000,
        "4" : 100.000000,
        "8" : 0.000000,
        "16" : 0.000000,
        "32" : 0.000000,
        "64" : 0.000000,
        ">=64" : 0.000000
      },
      "iodepth_complete" : {
        "0" : 0.000000,
        "4" : 100.000000,
        "8" : 0.000000,
        "16" : 0.000000,
        "32" : 0.000000,
        "64" : 0.000000,
        ">=64" : 0.000000
      },
      "latency_ns" : {
        "2" : 0.000000,
        "4" : 0.000000,
        "10" : 0.000000,
        "20" : 0.000000,
        "50" : 0.000000,
        "100" : 0.000000,
        "250" : 0.000000,
        "500" : 0.000000,
        "750" : 0.000000,
        "1000" : 0.000000
      },
      "latency_us" : {
        "2" : 0.000000,
        "4" : 0.000000,
        "10" : 0.000000,
        "20" : 0.000000,
        "50" : 0.000000,
        "100" : 0.000000,
        "250" : 0.000000,
        "500" : 0.000000,
        "750" : 0.000000,
        "1000" : 0.104058
      },
      "latency_ms" : {
        "2" : 3.954214,
        "4" : 2.601457,
        "10" : 3.537981,
        "20" : 0.728408,
        "50" : 6.867846,
        "100" : 19.458897,
        "250" : 39.646202,
        "500" : 16.753382,
        "750" : 2.289282,
        "1000" : 0.832466,
        "2000" : 1.560874,
        ">=2000" : 1.664932
      },
      "latency_depth" : 1,
      "latency_target" : 0,
      "latency_percentile" : 100.000000,
      "latency_window" : 0
    }
  ]
}
