{
  "fio version" : "fio-3.38",
  "timestamp" : 1731024935,
  "timestamp_ms" : 1731024935033,
  "time" : "Fri Nov  8 13:15:35 2024",
  "jobs" : [
    {
      "jobname" : "gpfs_test",
      "groupid" : 0,
      "job_start" : 1731024870797,
      "error" : 0,
      "eta" : 0,
      "elapsed" : 65,
      "job options" : {
        "name" : "gpfs_test",
        "directory" : "/nesi/nobackup/nesi99999/Dinindu/IO-CUSTOM/GPFS_Client/testdir",
        "size" : "10G",
        "runtime" : "60",
        "ioengine" : "psync",
        "direct" : "1",
        "verify" : "0",
        "bs" : "8M",
        "rw" : "randrw",
        "numjobs" : "8",
        "filename_format" : "f.$jobnum.dat"
      },
      "read" : {
        "io_bytes" : 14411628544,
        "io_kbytes" : 14073856,
        "bw_bytes" : 224581641,
        "bw" : 219318,
        "iops" : 26.772218,
        "runtime" : 64171,
        "total_ios" : 1718,
        "short_ios" : 0,
        "drop_ios" : 0,
        "slat_ns" : {
          "min" : 0,
          "max" : 0,
          "mean" : 0.000000,
          "stddev" : 0.000000,
          "N" : 0
        },
        "clat_ns" : {
          "min" : 203813,
          "max" : 5381516611,
          "mean" : 79996665.862049,
          "stddev" : 316323282.519643,
          "N" : 1718,
          "percentile" : {
            "1.000000" : 288768,
            "5.000000" : 569344,
            "10.000000" : 724992,
            "20.000000" : 1597440,
            "30.000000" : 2736128,
            "40.000000" : 4046848,
            "50.000000" : 33161216,
            "60.000000" : 40632320,
            "70.000000" : 50069504,
            "80.000000" : 62128128,
            "90.000000" : 94896128,
            "95.000000" : 193986560,
            "99.000000" : 1535115264,
            "99.500000" : 2105540608,
            "99.900000" : 5066719232,
            "99.950000" : 5402263552,
            "99.990000" : 5402263552
          }
        },
        "lat_ns" : {
          "min" : 203933,
          "max" : 5381516901,
          "mean" : 79997370.703725,
          "stddev" : 316323289.454138,
          "N" : 1718
        },
        "bw_min" : 131072,
        "bw_max" : 1228800,
        "bw_agg" : 100.000000,
        "bw_mean" : 402675.545170,
        "bw_dev" : 30792.723367,
        "bw_samples" : 556,
        "iops_min" : 16,
        "iops_max" : 150,
        "iops_mean" : 49.154514,
        "iops_stddev" : 3.758862,
        "iops_samples" : 556
      },
      "write" : {
        "io_bytes" : 15032385536,
        "io_kbytes" : 14680064,
        "bw_bytes" : 234255123,
        "bw" : 228764,
        "iops" : 27.925387,
        "runtime" : 64171,
        "total_ios" : 1792,
        "short_ios" : 0,
        "drop_ios" : 0,
        "slat_ns" : {
          "min" : 0,
          "max" : 0,
          "mean" : 0.000000,
          "stddev" : 0.000000,
          "N" : 0
        },
        "clat_ns" : {
          "min" : 27613339,
          "max" : 6219189589,
          "mean" : 193287050.775670,
          "stddev" : 471178924.476878,
          "N" : 1792,
          "percentile" : {
            "1.000000" : 33161216,
            "5.000000" : 39583744,
            "10.000000" : 45875200,
            "20.000000" : 54788096,
            "30.000000" : 63700992,
            "40.000000" : 76021760,
            "50.000000" : 91750400,
            "60.000000" : 109576192,
            "70.000000" : 139460608,
            "80.000000" : 185597952,
            "90.000000" : 278921216,
            "95.000000" : 471859200,
            "99.000000" : 2055208960,
            "99.500000" : 4177526784,
            "99.900000" : 6140461056,
            "99.950000" : 6207569920,
            "99.990000" : 6207569920
          }
        },
        "lat_ns" : {
          "min" : 27788097,
          "max" : 6219520732,
          "mean" : 193733989.767857,
          "stddev" : 471166866.098757,
          "N" : 1792
        },
        "bw_min" : 131072,
        "bw_max" : 884736,
        "bw_agg" : 100.000000,
        "bw_mean" : 374841.709554,
        "bw_dev" : 23216.587102,
        "bw_samples" : 618,
        "iops_min" : 16,
        "iops_max" : 108,
        "iops_mean" : 45.756765,
        "iops_stddev" : 2.834052,
        "iops_samples" : 618
      },
      "trim" : {
        "io_bytes" : 0,
        "io_kbytes" : 0,
        "bw_bytes" : 0,
        "bw" : 0,
        "iops" : 0.000000,
        "runtime" : 0,
        "total_ios" : 0,
        "short_ios" : 0,
        "drop_ios" : 0,
        "slat_ns" : {
          "min" : 0,
          "max" : 0,
          "mean" : 0.000000,
          "stddev" : 0.000000,
          "N" : 0
        },
        "clat_ns" : {
          "min" : 0,
          "max" : 0,
          "mean" : 0.000000,
          "stddev" : 0.000000,
          "N" : 0
        },
        "lat_ns" : {
          "min" : 0,
          "max" : 0,
          "mean" : 0.000000,
          "stddev" : 0.000000,
          "N" : 0
        },
        "bw_min" : 0,
        "bw_max" : 0,
        "bw_agg" : 0.000000,
        "bw_mean" : 0.000000,
        "bw_dev" : 0.000000,
        "bw_samples" : 0,
        "iops_min" : 0,
        "iops_max" : 0,
        "iops_mean" : 0.000000,
        "iops_stddev" : 0.000000,
        "iops_samples" : 0
      },
      "sync" : {
        "total_ios" : 0,
        "lat_ns" : {
          "min" : 0,
          "max" : 0,
          "mean" : 0.000000,
          "stddev" : 0.000000,
          "N" : 0
        }
      },
      "job_runtime" : 484645,
      "usr_cpu" : 0.176624,
      "sys_cpu" : 0.432275,
      "ctx" : 2984,
      "majf" : 0,
      "minf" : 142,
      "iodepth_level" : {
        "1" : 100.000000,
        "2" : 0.000000,
        "4" : 0.000000,
        "8" : 0.000000,
        "16" : 0.000000,
        "32" : 0.000000,
        ">=64" : 0.000000
      },
      "iodepth_submit" : {
        "0" : 0.000000,
        "4" : 100.000000,
        "8" : 0.000000,
        "16" : 0.000000,
        "32" : 0.000000,
        "64" : 0.000000,
        ">=64" : 0.000000
      },
      "iodepth_complete" : {
        "0" : 0.000000,
        "4" : 100.000000,
        "8" : 0.000000,
        "16" : 0.000000,
        "32" : 0.000000,
        "64" : 0.000000,
        ">=64" : 0.000000
      },
      "latency_ns" : {
        "2" : 0.000000,
        "4" : 0.000000,
        "10" : 0.000000,
        "20" : 0.000000,
        "50" : 0.000000,
        "100" : 0.000000,
        "250" : 0.000000,
        "500" : 0.000000,
        "750" : 0.000000,
        "1000" : 0.000000
      },
      "latency_us" : {
        "2" : 0.000000,
        "4" : 0.000000,
        "10" : 0.000000,
        "20" : 0.000000,
        "50" : 0.000000,
        "100" : 0.000000,
        "250" : 0.227920,
        "500" : 1.623932,
        "750" : 3.247863,
        "1000" : 2.079772
      },
      "latency_ms" : {
        "2" : 4.045584,
        "4" : 8.347578,
        "10" : 2.108262,
        "20" : 0.398860,
        "50" : 19.686610,
        "100" : 30.398860,
        "250" : 19.800570,
        "500" : 4.245014,
        "750" : 0.712251,
        "1000" : 0.769231,
        "2000" : 1.424501,
        ">=2000" : 0.883191
      },
      "latency_depth" : 1,
      "latency_target" : 0,
      "latency_percentile" : 100.000000,
      "latency_window" : 0
    }
  ]
}
