{
  "fio version" : "fio-3.38",
  "timestamp" : 1731022404,
  "timestamp_ms" : 1731022404491,
  "time" : "Fri Nov  8 12:33:24 2024",
  "jobs" : [
    {
      "jobname" : "gpfs_test",
      "groupid" : 0,
      "job_start" : 1731022341645,
      "error" : 0,
      "eta" : 0,
      "elapsed" : 64,
      "job options" : {
        "name" : "gpfs_test",
        "directory" : "/nesi/nobackup/nesi99999/Dinindu/IO-CUSTOM/GPFS_Client/testdir",
        "size" : "10G",
        "runtime" : "60",
        "ioengine" : "psync",
        "direct" : "1",
        "verify" : "0",
        "bs" : "1M",
        "rw" : "write",
        "numjobs" : "4",
        "filename_format" : "f.$jobnum.dat"
      },
      "read" : {
        "io_bytes" : 0,
        "io_kbytes" : 0,
        "bw_bytes" : 0,
        "bw" : 0,
        "iops" : 0.000000,
        "runtime" : 0,
        "total_ios" : 0,
        "short_ios" : 0,
        "drop_ios" : 0,
        "slat_ns" : {
          "min" : 0,
          "max" : 0,
          "mean" : 0.000000,
          "stddev" : 0.000000,
          "N" : 0
        },
        "clat_ns" : {
          "min" : 0,
          "max" : 0,
          "mean" : 0.000000,
          "stddev" : 0.000000,
          "N" : 0
        },
        "lat_ns" : {
          "min" : 0,
          "max" : 0,
          "mean" : 0.000000,
          "stddev" : 0.000000,
          "N" : 0
        },
        "bw_min" : 0,
        "bw_max" : 0,
        "bw_agg" : 0.000000,
        "bw_mean" : 0.000000,
        "bw_dev" : 0.000000,
        "bw_samples" : 0,
        "iops_min" : 0,
        "iops_max" : 0,
        "iops_mean" : 0.000000,
        "iops_stddev" : 0.000000,
        "iops_samples" : 0
      },
      "write" : {
        "io_bytes" : 1342177280,
        "io_kbytes" : 1310720,
        "bw_bytes" : 21446013,
        "bw" : 20943,
        "iops" : 20.452512,
        "runtime" : 62584,
        "total_ios" : 1280,
        "short_ios" : 0,
        "drop_ios" : 0,
        "slat_ns" : {
          "min" : 0,
          "max" : 0,
          "mean" : 0.000000,
          "stddev" : 0.000000,
          "N" : 0
        },
        "clat_ns" : {
          "min" : 31734039,
          "max" : 8640957625,
          "mean" : 190131712.488281,
          "stddev" : 564733601.394089,
          "N" : 1280,
          "percentile" : {
            "1.000000" : 39583744,
            "5.000000" : 47448064,
            "10.000000" : 54263808,
            "20.000000" : 63700992,
            "30.000000" : 73924608,
            "40.000000" : 84410368,
            "50.000000" : 100139008,
            "60.000000" : 116916224,
            "70.000000" : 141557760,
            "80.000000" : 183500800,
            "90.000000" : 244318208,
            "95.000000" : 325058560,
            "99.000000" : 2600468480,
            "99.500000" : 5804916736,
            "99.900000" : 6543114240,
            "99.950000" : 8657043456,
            "99.990000" : 8657043456
          }
        },
        "lat_ns" : {
          "min" : 31763233,
          "max" : 8641068544,
          "mean" : 190203552.001562,
          "stddev" : 564733740.333877,
          "N" : 1280
        },
        "bw_min" : 8192,
        "bw_max" : 69632,
        "bw_agg" : 100.000000,
        "bw_mean" : 30530.328989,
        "bw_dev" : 3825.596555,
        "bw_samples" : 336,
        "iops_min" : 8,
        "iops_max" : 68,
        "iops_mean" : 29.801818,
        "iops_stddev" : 3.730186,
        "iops_samples" : 336
      },
      "trim" : {
        "io_bytes" : 0,
        "io_kbytes" : 0,
        "bw_bytes" : 0,
        "bw" : 0,
        "iops" : 0.000000,
        "runtime" : 0,
        "total_ios" : 0,
        "short_ios" : 0,
        "drop_ios" : 0,
        "slat_ns" : {
          "min" : 0,
          "max" : 0,
          "mean" : 0.000000,
          "stddev" : 0.000000,
          "N" : 0
        },
        "clat_ns" : {
          "min" : 0,
          "max" : 0,
          "mean" : 0.000000,
          "stddev" : 0.000000,
          "N" : 0
        },
        "lat_ns" : {
          "min" : 0,
          "max" : 0,
          "mean" : 0.000000,
          "stddev" : 0.000000,
          "N" : 0
        },
        "bw_min" : 0,
        "bw_max" : 0,
        "bw_agg" : 0.000000,
        "bw_mean" : 0.000000,
        "bw_dev" : 0.000000,
        "bw_samples" : 0,
        "iops_min" : 0,
        "iops_max" : 0,
        "iops_mean" : 0.000000,
        "iops_stddev" : 0.000000,
        "iops_samples" : 0
      },
      "sync" : {
        "total_ios" : 0,
        "lat_ns" : {
          "min" : 0,
          "max" : 0,
          "mean" : 0.000000,
          "stddev" : 0.000000,
          "N" : 0
        }
      },
      "job_runtime" : 243474,
      "usr_cpu" : 0.049697,
      "sys_cpu" : 0.099395,
      "ctx" : 1803,
      "majf" : 0,
      "minf" : 64,
      "iodepth_level" : {
        "1" : 100.000000,
        "2" : 0.000000,
        "4" : 0.000000,
        "8" : 0.000000,
        "16" : 0.000000,
        "32" : 0.000000,
        ">=64" : 0.000000
      },
      "iodepth_submit" : {
        "0" : 0.000000,
        "4" : 100.000000,
        "8" : 0.000000,
        "16" : 0.000000,
        "32" : 0.000000,
        "64" : 0.000000,
        ">=64" : 0.000000
      },
      "iodepth_complete" : {
        "0" : 0.000000,
        "4" : 100.000000,
        "8" : 0.000000,
        "16" : 0.000000,
        "32" : 0.000000,
        "64" : 0.000000,
        ">=64" : 0.000000
      },
      "latency_ns" : {
        "2" : 0.000000,
        "4" : 0.000000,
        "10" : 0.000000,
        "20" : 0.000000,
        "50" : 0.000000,
        "100" : 0.000000,
        "250" : 0.000000,
        "500" : 0.000000,
        "750" : 0.000000,
        "1000" : 0.000000
      },
      "latency_us" : {
        "2" : 0.000000,
        "4" : 0.000000,
        "10" : 0.000000,
        "20" : 0.000000,
        "50" : 0.000000,
        "100" : 0.000000,
        "250" : 0.000000,
        "500" : 0.000000,
        "750" : 0.000000,
        "1000" : 0.000000
      },
      "latency_ms" : {
        "2" : 0.000000,
        "4" : 0.000000,
        "10" : 0.000000,
        "20" : 0.000000,
        "50" : 7.031250,
        "100" : 43.828125,
        "250" : 39.453125,
        "500" : 7.343750,
        "750" : 0.390625,
        "1000" : 0.078125,
        "2000" : 0.625000,
        ">=2000" : 1.250000
      },
      "latency_depth" : 1,
      "latency_target" : 0,
      "latency_percentile" : 100.000000,
      "latency_window" : 0
    }
  ]
}
