{
  "fio version" : "fio-3.38",
  "timestamp" : 1731023145,
  "timestamp_ms" : 1731023145541,
  "time" : "Fri Nov  8 12:45:45 2024",
  "jobs" : [
    {
      "jobname" : "gpfs_test",
      "groupid" : 0,
      "job_start" : 1731023084904,
      "error" : 0,
      "eta" : 0,
      "elapsed" : 61,
      "job options" : {
        "name" : "gpfs_test",
        "directory" : "/nesi/nobackup/nesi99999/Dinindu/IO-CUSTOM/GPFS_Client/testdir",
        "size" : "10G",
        "runtime" : "60",
        "ioengine" : "psync",
        "direct" : "1",
        "verify" : "0",
        "bs" : "16M",
        "rw" : "write",
        "numjobs" : "4",
        "filename_format" : "f.$jobnum.dat"
      },
      "read" : {
        "io_bytes" : 0,
        "io_kbytes" : 0,
        "bw_bytes" : 0,
        "bw" : 0,
        "iops" : 0.000000,
        "runtime" : 0,
        "total_ios" : 0,
        "short_ios" : 0,
        "drop_ios" : 0,
        "slat_ns" : {
          "min" : 0,
          "max" : 0,
          "mean" : 0.000000,
          "stddev" : 0.000000,
          "N" : 0
        },
        "clat_ns" : {
          "min" : 0,
          "max" : 0,
          "mean" : 0.000000,
          "stddev" : 0.000000,
          "N" : 0
        },
        "lat_ns" : {
          "min" : 0,
          "max" : 0,
          "mean" : 0.000000,
          "stddev" : 0.000000,
          "N" : 0
        },
        "bw_min" : 0,
        "bw_max" : 0,
        "bw_agg" : 0.000000,
        "bw_mean" : 0.000000,
        "bw_dev" : 0.000000,
        "bw_samples" : 0,
        "iops_min" : 0,
        "iops_max" : 0,
        "iops_mean" : 0.000000,
        "iops_stddev" : 0.000000,
        "iops_samples" : 0
      },
      "write" : {
        "io_bytes" : 12096372736,
        "io_kbytes" : 11812864,
        "bw_bytes" : 199732059,
        "bw" : 195050,
        "iops" : 11.904958,
        "runtime" : 60563,
        "total_ios" : 721,
        "short_ios" : 0,
        "drop_ios" : 0,
        "slat_ns" : {
          "min" : 0,
          "max" : 0,
          "mean" : 0.000000,
          "stddev" : 0.000000,
          "N" : 0
        },
        "clat_ns" : {
          "min" : 78135786,
          "max" : 4340575161,
          "mean" : 333494181.398058,
          "stddev" : 459232566.242064,
          "N" : 721,
          "percentile" : {
            "1.000000" : 91750400,
            "5.000000" : 107479040,
            "10.000000" : 120061952,
            "20.000000" : 145752064,
            "30.000000" : 166723584,
            "40.000000" : 183500800,
            "50.000000" : 214958080,
            "60.000000" : 250609664,
            "70.000000" : 291504128,
            "80.000000" : 362807296,
            "90.000000" : 488636416,
            "95.000000" : 960495616,
            "99.000000" : 2868903936,
            "99.500000" : 3640655872,
            "99.900000" : 4328521728,
            "99.950000" : 4328521728,
            "99.990000" : 4328521728
          }
        },
        "lat_ns" : {
          "min" : 78621919,
          "max" : 4340873612,
          "mean" : 334605777.363384,
          "stddev" : 459207780.822863,
          "N" : 721
        },
        "bw_min" : 131072,
        "bw_max" : 524288,
        "bw_agg" : 100.000000,
        "bw_mean" : 260192.183276,
        "bw_dev" : 27206.238685,
        "bw_samples" : 361,
        "iops_min" : 8,
        "iops_max" : 32,
        "iops_mean" : 15.880871,
        "iops_stddev" : 1.660537,
        "iops_samples" : 361
      },
      "trim" : {
        "io_bytes" : 0,
        "io_kbytes" : 0,
        "bw_bytes" : 0,
        "bw" : 0,
        "iops" : 0.000000,
        "runtime" : 0,
        "total_ios" : 0,
        "short_ios" : 0,
        "drop_ios" : 0,
        "slat_ns" : {
          "min" : 0,
          "max" : 0,
          "mean" : 0.000000,
          "stddev" : 0.000000,
          "N" : 0
        },
        "clat_ns" : {
          "min" : 0,
          "max" : 0,
          "mean" : 0.000000,
          "stddev" : 0.000000,
          "N" : 0
        },
        "lat_ns" : {
          "min" : 0,
          "max" : 0,
          "mean" : 0.000000,
          "stddev" : 0.000000,
          "N" : 0
        },
        "bw_min" : 0,
        "bw_max" : 0,
        "bw_agg" : 0.000000,
        "bw_mean" : 0.000000,
        "bw_dev" : 0.000000,
        "bw_samples" : 0,
        "iops_min" : 0,
        "iops_max" : 0,
        "iops_mean" : 0.000000,
        "iops_stddev" : 0.000000,
        "iops_samples" : 0
      },
      "sync" : {
        "total_ios" : 0,
        "lat_ns" : {
          "min" : 0,
          "max" : 0,
          "mean" : 0.000000,
          "stddev" : 0.000000,
          "N" : 0
        }
      },
      "job_runtime" : 241260,
      "usr_cpu" : 0.328277,
      "sys_cpu" : 0.084556,
      "ctx" : 774,
      "majf" : 0,
      "minf" : 61,
      "iodepth_level" : {
        "1" : 100.000000,
        "2" : 0.000000,
        "4" : 0.000000,
        "8" : 0.000000,
        "16" : 0.000000,
        "32" : 0.000000,
        ">=64" : 0.000000
      },
      "iodepth_submit" : {
        "0" : 0.000000,
        "4" : 100.000000,
        "8" : 0.000000,
        "16" : 0.000000,
        "32" : 0.000000,
        "64" : 0.000000,
        ">=64" : 0.000000
      },
      "iodepth_complete" : {
        "0" : 0.000000,
        "4" : 100.000000,
        "8" : 0.000000,
        "16" : 0.000000,
        "32" : 0.000000,
        "64" : 0.000000,
        ">=64" : 0.000000
      },
      "latency_ns" : {
        "2" : 0.000000,
        "4" : 0.000000,
        "10" : 0.000000,
        "20" : 0.000000,
        "50" : 0.000000,
        "100" : 0.000000,
        "250" : 0.000000,
        "500" : 0.000000,
        "750" : 0.000000,
        "1000" : 0.000000
      },
      "latency_us" : {
        "2" : 0.000000,
        "4" : 0.000000,
        "10" : 0.000000,
        "20" : 0.000000,
        "50" : 0.000000,
        "100" : 0.000000,
        "250" : 0.000000,
        "500" : 0.000000,
        "750" : 0.000000,
        "1000" : 0.000000
      },
      "latency_ms" : {
        "2" : 0.000000,
        "4" : 0.000000,
        "10" : 0.000000,
        "20" : 0.000000,
        "50" : 0.000000,
        "100" : 3.467406,
        "250" : 56.588072,
        "500" : 30.097087,
        "750" : 3.606103,
        "1000" : 1.525659,
        "2000" : 2.773925,
        ">=2000" : 1.941748
      },
      "latency_depth" : 1,
      "latency_target" : 0,
      "latency_percentile" : 100.000000,
      "latency_window" : 0
    }
  ]
}
