{
  "fio version" : "fio-3.38",
  "timestamp" : 1731024188,
  "timestamp_ms" : 1731024188508,
  "time" : "Fri Nov  8 13:03:08 2024",
  "jobs" : [
    {
      "jobname" : "gpfs_test",
      "groupid" : 0,
      "job_start" : 1731024128327,
      "error" : 0,
      "eta" : 0,
      "elapsed" : 61,
      "job options" : {
        "name" : "gpfs_test",
        "directory" : "/nesi/nobackup/nesi99999/Dinindu/IO-CUSTOM/GPFS_Client/testdir",
        "size" : "10G",
        "runtime" : "60",
        "ioengine" : "psync",
        "direct" : "1",
        "verify" : "0",
        "bs" : "16M",
        "rw" : "read",
        "numjobs" : "8",
        "filename_format" : "f.$jobnum.dat"
      },
      "read" : {
        "io_bytes" : 306905612288,
        "io_kbytes" : 299712512,
        "bw_bytes" : 5110494093,
        "bw" : 4990716,
        "iops" : 304.609185,
        "runtime" : 60054,
        "total_ios" : 18293,
        "short_ios" : 0,
        "drop_ios" : 0,
        "slat_ns" : {
          "min" : 0,
          "max" : 0,
          "mean" : 0.000000,
          "stddev" : 0.000000,
          "N" : 0
        },
        "clat_ns" : {
          "min" : 366930,
          "max" : 2308845895,
          "mean" : 26242661.564041,
          "stddev" : 70142362.496149,
          "N" : 18293,
          "percentile" : {
            "1.000000" : 374784,
            "5.000000" : 387072,
            "10.000000" : 407552,
            "20.000000" : 432128,
            "30.000000" : 464896,
            "40.000000" : 552960,
            "50.000000" : 1974272,
            "60.000000" : 7831552,
            "70.000000" : 19267584,
            "80.000000" : 31850496,
            "90.000000" : 76021760,
            "95.000000" : 112721920,
            "99.000000" : 346030080,
            "99.500000" : 492830720,
            "99.900000" : 767557632,
            "99.950000" : 977272832,
            "99.990000" : 1384120320
          }
        },
        "lat_ns" : {
          "min" : 366980,
          "max" : 2308846336,
          "mean" : 26243022.733177,
          "stddev" : 70142584.992508,
          "N" : 18293
        },
        "bw_min" : 262144,
        "bw_max" : 91521024,
        "bw_agg" : 100.000000,
        "bw_mean" : 5162773.444889,
        "bw_dev" : 1871158.133517,
        "bw_samples" : 917,
        "iops_min" : 16,
        "iops_max" : 5586,
        "iops_mean" : 315.110546,
        "iops_stddev" : 114.206436,
        "iops_samples" : 917
      },
      "write" : {
        "io_bytes" : 0,
        "io_kbytes" : 0,
        "bw_bytes" : 0,
        "bw" : 0,
        "iops" : 0.000000,
        "runtime" : 0,
        "total_ios" : 0,
        "short_ios" : 0,
        "drop_ios" : 0,
        "slat_ns" : {
          "min" : 0,
          "max" : 0,
          "mean" : 0.000000,
          "stddev" : 0.000000,
          "N" : 0
        },
        "clat_ns" : {
          "min" : 0,
          "max" : 0,
          "mean" : 0.000000,
          "stddev" : 0.000000,
          "N" : 0
        },
        "lat_ns" : {
          "min" : 0,
          "max" : 0,
          "mean" : 0.000000,
          "stddev" : 0.000000,
          "N" : 0
        },
        "bw_min" : 0,
        "bw_max" : 0,
        "bw_agg" : 0.000000,
        "bw_mean" : 0.000000,
        "bw_dev" : 0.000000,
        "bw_samples" : 0,
        "iops_min" : 0,
        "iops_max" : 0,
        "iops_mean" : 0.000000,
        "iops_stddev" : 0.000000,
        "iops_samples" : 0
      },
      "trim" : {
        "io_bytes" : 0,
        "io_kbytes" : 0,
        "bw_bytes" : 0,
        "bw" : 0,
        "iops" : 0.000000,
        "runtime" : 0,
        "total_ios" : 0,
        "short_ios" : 0,
        "drop_ios" : 0,
        "slat_ns" : {
          "min" : 0,
          "max" : 0,
          "mean" : 0.000000,
          "stddev" : 0.000000,
          "N" : 0
        },
        "clat_ns" : {
          "min" : 0,
          "max" : 0,
          "mean" : 0.000000,
          "stddev" : 0.000000,
          "N" : 0
        },
        "lat_ns" : {
          "min" : 0,
          "max" : 0,
          "mean" : 0.000000,
          "stddev" : 0.000000,
          "N" : 0
        },
        "bw_min" : 0,
        "bw_max" : 0,
        "bw_agg" : 0.000000,
        "bw_mean" : 0.000000,
        "bw_dev" : 0.000000,
        "bw_samples" : 0,
        "iops_min" : 0,
        "iops_max" : 0,
        "iops_mean" : 0.000000,
        "iops_stddev" : 0.000000,
        "iops_samples" : 0
      },
      "sync" : {
        "total_ios" : 0,
        "lat_ns" : {
          "min" : 0,
          "max" : 0,
          "mean" : 0.000000,
          "stddev" : 0.000000,
          "N" : 0
        }
      },
      "job_runtime" : 480143,
      "usr_cpu" : 0.021452,
      "sys_cpu" : 2.551948,
      "ctx" : 7676,
      "majf" : 0,
      "minf" : 5383,
      "iodepth_level" : {
        "1" : 100.000000,
        "2" : 0.000000,
        "4" : 0.000000,
        "8" : 0.000000,
        "16" : 0.000000,
        "32" : 0.000000,
        ">=64" : 0.000000
      },
      "iodepth_submit" : {
        "0" : 0.000000,
        "4" : 100.000000,
        "8" : 0.000000,
        "16" : 0.000000,
        "32" : 0.000000,
        "64" : 0.000000,
        ">=64" : 0.000000
      },
      "iodepth_complete" : {
        "0" : 0.000000,
        "4" : 100.000000,
        "8" : 0.000000,
        "16" : 0.000000,
        "32" : 0.000000,
        "64" : 0.000000,
        ">=64" : 0.000000
      },
      "latency_ns" : {
        "2" : 0.000000,
        "4" : 0.000000,
        "10" : 0.000000,
        "20" : 0.000000,
        "50" : 0.000000,
        "100" : 0.000000,
        "250" : 0.000000,
        "500" : 0.000000,
        "750" : 0.000000,
        "1000" : 0.000000
      },
      "latency_us" : {
        "2" : 0.000000,
        "4" : 0.000000,
        "10" : 0.000000,
        "20" : 0.000000,
        "50" : 0.000000,
        "100" : 0.000000,
        "250" : 0.000000,
        "500" : 36.030175,
        "750" : 8.090526,
        "1000" : 2.099164
      },
      "latency_ms" : {
        "2" : 3.853933,
        "4" : 6.067895,
        "10" : 5.865632,
        "20" : 8.833980,
        "50" : 14.874542,
        "100" : 7.746132,
        "250" : 5.007380,
        "500" : 1.049582,
        "750" : 0.366260,
        "1000" : 0.065599,
        "2000" : 0.043733,
        ">=2000" : 0.010000
      },
      "latency_depth" : 1,
      "latency_target" : 0,
      "latency_percentile" : 100.000000,
      "latency_window" : 0
    }
  ]
}
