{
  "fio version" : "fio-3.38",
  "timestamp" : 1731023451,
  "timestamp_ms" : 1731023451894,
  "time" : "Fri Nov  8 12:50:51 2024",
  "jobs" : [
    {
      "jobname" : "gpfs_test",
      "groupid" : 0,
      "job_start" : 1731023391687,
      "error" : 0,
      "eta" : 0,
      "elapsed" : 61,
      "job options" : {
        "name" : "gpfs_test",
        "directory" : "/nesi/nobackup/nesi99999/Dinindu/IO-CUSTOM/GPFS_Client/testdir",
        "size" : "10G",
        "runtime" : "60",
        "ioengine" : "psync",
        "direct" : "1",
        "verify" : "0",
        "bs" : "1M",
        "rw" : "read",
        "numjobs" : "8",
        "filename_format" : "f.$jobnum.dat"
      },
      "read" : {
        "io_bytes" : 13480493056,
        "io_kbytes" : 13164544,
        "bw_bytes" : 224540160,
        "bw" : 219277,
        "iops" : 214.138184,
        "runtime" : 60036,
        "total_ios" : 12856,
        "short_ios" : 0,
        "drop_ios" : 0,
        "slat_ns" : {
          "min" : 0,
          "max" : 0,
          "mean" : 0.000000,
          "stddev" : 0.000000,
          "N" : 0
        },
        "clat_ns" : {
          "min" : 431922,
          "max" : 1200097793,
          "mean" : 37341748.926727,
          "stddev" : 51111911.792373,
          "N" : 12856,
          "percentile" : {
            "1.000000" : 544768,
            "5.000000" : 757760,
            "10.000000" : 1302528,
            "20.000000" : 15532032,
            "30.000000" : 18743296,
            "40.000000" : 21364736,
            "50.000000" : 23986176,
            "60.000000" : 28704768,
            "70.000000" : 35913728,
            "80.000000" : 47448064,
            "90.000000" : 70778880,
            "95.000000" : 106430464,
            "99.000000" : 265289728,
            "99.500000" : 337641472,
            "99.900000" : 534773760,
            "99.950000" : 708837376,
            "99.990000" : 1082130432
          }
        },
        "lat_ns" : {
          "min" : 432032,
          "max" : 1200099717,
          "mean" : 37342590.926027,
          "stddev" : 51112041.205914,
          "N" : 12856
        },
        "bw_min" : 22528,
        "bw_max" : 669696,
        "bw_agg" : 100.000000,
        "bw_mean" : 221606.076945,
        "bw_dev" : 18623.477986,
        "bw_samples" : 947,
        "iops_min" : 22,
        "iops_max" : 654,
        "iops_mean" : 216.409806,
        "iops_stddev" : 18.186852,
        "iops_samples" : 947
      },
      "write" : {
        "io_bytes" : 0,
        "io_kbytes" : 0,
        "bw_bytes" : 0,
        "bw" : 0,
        "iops" : 0.000000,
        "runtime" : 0,
        "total_ios" : 0,
        "short_ios" : 0,
        "drop_ios" : 0,
        "slat_ns" : {
          "min" : 0,
          "max" : 0,
          "mean" : 0.000000,
          "stddev" : 0.000000,
          "N" : 0
        },
        "clat_ns" : {
          "min" : 0,
          "max" : 0,
          "mean" : 0.000000,
          "stddev" : 0.000000,
          "N" : 0
        },
        "lat_ns" : {
          "min" : 0,
          "max" : 0,
          "mean" : 0.000000,
          "stddev" : 0.000000,
          "N" : 0
        },
        "bw_min" : 0,
        "bw_max" : 0,
        "bw_agg" : 0.000000,
        "bw_mean" : 0.000000,
        "bw_dev" : 0.000000,
        "bw_samples" : 0,
        "iops_min" : 0,
        "iops_max" : 0,
        "iops_mean" : 0.000000,
        "iops_stddev" : 0.000000,
        "iops_samples" : 0
      },
      "trim" : {
        "io_bytes" : 0,
        "io_kbytes" : 0,
        "bw_bytes" : 0,
        "bw" : 0,
        "iops" : 0.000000,
        "runtime" : 0,
        "total_ios" : 0,
        "short_ios" : 0,
        "drop_ios" : 0,
        "slat_ns" : {
          "min" : 0,
          "max" : 0,
          "mean" : 0.000000,
          "stddev" : 0.000000,
          "N" : 0
        },
        "clat_ns" : {
          "min" : 0,
          "max" : 0,
          "mean" : 0.000000,
          "stddev" : 0.000000,
          "N" : 0
        },
        "lat_ns" : {
          "min" : 0,
          "max" : 0,
          "mean" : 0.000000,
          "stddev" : 0.000000,
          "N" : 0
        },
        "bw_min" : 0,
        "bw_max" : 0,
        "bw_agg" : 0.000000,
        "bw_mean" : 0.000000,
        "bw_dev" : 0.000000,
        "bw_samples" : 0,
        "iops_min" : 0,
        "iops_max" : 0,
        "iops_mean" : 0.000000,
        "iops_stddev" : 0.000000,
        "iops_samples" : 0
      },
      "sync" : {
        "total_ios" : 0,
        "lat_ns" : {
          "min" : 0,
          "max" : 0,
          "mean" : 0.000000,
          "stddev" : 0.000000,
          "N" : 0
        }
      },
      "job_runtime" : 480157,
      "usr_cpu" : 0.035197,
      "sys_cpu" : 0.283241,
      "ctx" : 12931,
      "majf" : 0,
      "minf" : 2198,
      "iodepth_level" : {
        "1" : 100.000000,
        "2" : 0.000000,
        "4" : 0.000000,
        "8" : 0.000000,
        "16" : 0.000000,
        "32" : 0.000000,
        ">=64" : 0.000000
      },
      "iodepth_submit" : {
        "0" : 0.000000,
        "4" : 100.000000,
        "8" : 0.000000,
        "16" : 0.000000,
        "32" : 0.000000,
        "64" : 0.000000,
        ">=64" : 0.000000
      },
      "iodepth_complete" : {
        "0" : 0.000000,
        "4" : 100.000000,
        "8" : 0.000000,
        "16" : 0.000000,
        "32" : 0.000000,
        "64" : 0.000000,
        ">=64" : 0.000000
      },
      "latency_ns" : {
        "2" : 0.000000,
        "4" : 0.000000,
        "10" : 0.000000,
        "20" : 0.000000,
        "50" : 0.000000,
        "100" : 0.000000,
        "250" : 0.000000,
        "500" : 0.000000,
        "750" : 0.000000,
        "1000" : 0.000000
      },
      "latency_us" : {
        "2" : 0.000000,
        "4" : 0.000000,
        "10" : 0.000000,
        "20" : 0.000000,
        "50" : 0.000000,
        "100" : 0.000000,
        "250" : 0.000000,
        "500" : 0.373367,
        "750" : 4.464841,
        "1000" : 3.492533
      },
      "latency_ms" : {
        "2" : 2.605787,
        "4" : 1.003423,
        "10" : 0.840075,
        "20" : 22.401991,
        "50" : 46.476353,
        "100" : 12.865588,
        "250" : 4.324829,
        "500" : 1.034536,
        "750" : 0.085563,
        "1000" : 0.015557,
        "2000" : 0.015557,
        ">=2000" : 0.000000
      },
      "latency_depth" : 1,
      "latency_target" : 0,
      "latency_percentile" : 100.000000,
      "latency_window" : 0
    }
  ]
}
