{
  "fio version" : "fio-3.38",
  "timestamp" : 1731023818,
  "timestamp_ms" : 1731023818500,
  "time" : "Fri Nov  8 12:56:58 2024",
  "jobs" : [
    {
      "jobname" : "gpfs_test",
      "groupid" : 0,
      "job_start" : 1731023758324,
      "error" : 0,
      "eta" : 0,
      "elapsed" : 61,
      "job options" : {
        "name" : "gpfs_test",
        "directory" : "/nesi/nobackup/nesi99999/Dinindu/IO-CUSTOM/GPFS_Client/testdir",
        "size" : "10G",
        "runtime" : "60",
        "ioengine" : "psync",
        "direct" : "1",
        "verify" : "0",
        "bs" : "8M",
        "rw" : "read",
        "numjobs" : "1",
        "filename_format" : "f.$jobnum.dat"
      },
      "read" : {
        "io_bytes" : 11366563840,
        "io_kbytes" : 11100160,
        "bw_bytes" : 189351210,
        "bw" : 184913,
        "iops" : 22.572423,
        "runtime" : 60029,
        "total_ios" : 1355,
        "short_ios" : 0,
        "drop_ios" : 0,
        "slat_ns" : {
          "min" : 0,
          "max" : 0,
          "mean" : 0.000000,
          "stddev" : 0.000000,
          "N" : 0
        },
        "clat_ns" : {
          "min" : 224753,
          "max" : 981120002,
          "mean" : 44296427.910701,
          "stddev" : 92357944.361169,
          "N" : 1355,
          "percentile" : {
            "1.000000" : 232448,
            "5.000000" : 238592,
            "10.000000" : 244736,
            "20.000000" : 259072,
            "30.000000" : 272384,
            "40.000000" : 296960,
            "50.000000" : 333824,
            "60.000000" : 5406720,
            "70.000000" : 38535168,
            "80.000000" : 65273856,
            "90.000000" : 152043520,
            "95.000000" : 231735296,
            "99.000000" : 413138944,
            "99.500000" : 517996544,
            "99.900000" : 893386752,
            "99.950000" : 977272832,
            "99.990000" : 977272832
          }
        },
        "lat_ns" : {
          "min" : 224803,
          "max" : 981122436,
          "mean" : 44297020.826568,
          "stddev" : 92358319.014592,
          "N" : 1355
        },
        "bw_min" : 16384,
        "bw_max" : 6619136,
        "bw_agg" : 100.000000,
        "bw_mean" : 189606.290598,
        "bw_dev" : 830158.548063,
        "bw_samples" : 117,
        "iops_min" : 2,
        "iops_max" : 808,
        "iops_mean" : 23.145299,
        "iops_stddev" : 101.337713,
        "iops_samples" : 117
      },
      "write" : {
        "io_bytes" : 0,
        "io_kbytes" : 0,
        "bw_bytes" : 0,
        "bw" : 0,
        "iops" : 0.000000,
        "runtime" : 0,
        "total_ios" : 0,
        "short_ios" : 0,
        "drop_ios" : 0,
        "slat_ns" : {
          "min" : 0,
          "max" : 0,
          "mean" : 0.000000,
          "stddev" : 0.000000,
          "N" : 0
        },
        "clat_ns" : {
          "min" : 0,
          "max" : 0,
          "mean" : 0.000000,
          "stddev" : 0.000000,
          "N" : 0
        },
        "lat_ns" : {
          "min" : 0,
          "max" : 0,
          "mean" : 0.000000,
          "stddev" : 0.000000,
          "N" : 0
        },
        "bw_min" : 0,
        "bw_max" : 0,
        "bw_agg" : 0.000000,
        "bw_mean" : 0.000000,
        "bw_dev" : 0.000000,
        "bw_samples" : 0,
        "iops_min" : 0,
        "iops_max" : 0,
        "iops_mean" : 0.000000,
        "iops_stddev" : 0.000000,
        "iops_samples" : 0
      },
      "trim" : {
        "io_bytes" : 0,
        "io_kbytes" : 0,
        "bw_bytes" : 0,
        "bw" : 0,
        "iops" : 0.000000,
        "runtime" : 0,
        "total_ios" : 0,
        "short_ios" : 0,
        "drop_ios" : 0,
        "slat_ns" : {
          "min" : 0,
          "max" : 0,
          "mean" : 0.000000,
          "stddev" : 0.000000,
          "N" : 0
        },
        "clat_ns" : {
          "min" : 0,
          "max" : 0,
          "mean" : 0.000000,
          "stddev" : 0.000000,
          "N" : 0
        },
        "lat_ns" : {
          "min" : 0,
          "max" : 0,
          "mean" : 0.000000,
          "stddev" : 0.000000,
          "N" : 0
        },
        "bw_min" : 0,
        "bw_max" : 0,
        "bw_agg" : 0.000000,
        "bw_mean" : 0.000000,
        "bw_dev" : 0.000000,
        "bw_samples" : 0,
        "iops_min" : 0,
        "iops_max" : 0,
        "iops_mean" : 0.000000,
        "iops_stddev" : 0.000000,
        "iops_samples" : 0
      },
      "sync" : {
        "total_ios" : 0,
        "lat_ns" : {
          "min" : 0,
          "max" : 0,
          "mean" : 0.000000,
          "stddev" : 0.000000,
          "N" : 0
        }
      },
      "job_runtime" : 60028,
      "usr_cpu" : 0.016659,
      "sys_cpu" : 0.769641,
      "ctx" : 591,
      "majf" : 0,
      "minf" : 2068,
      "iodepth_level" : {
        "1" : 100.000000,
        "2" : 0.000000,
        "4" : 0.000000,
        "8" : 0.000000,
        "16" : 0.000000,
        "32" : 0.000000,
        ">=64" : 0.000000
      },
      "iodepth_submit" : {
        "0" : 0.000000,
        "4" : 100.000000,
        "8" : 0.000000,
        "16" : 0.000000,
        "32" : 0.000000,
        "64" : 0.000000,
        ">=64" : 0.000000
      },
      "iodepth_complete" : {
        "0" : 0.000000,
        "4" : 100.000000,
        "8" : 0.000000,
        "16" : 0.000000,
        "32" : 0.000000,
        "64" : 0.000000,
        ">=64" : 0.000000
      },
      "latency_ns" : {
        "2" : 0.000000,
        "4" : 0.000000,
        "10" : 0.000000,
        "20" : 0.000000,
        "50" : 0.000000,
        "100" : 0.000000,
        "250" : 0.000000,
        "500" : 0.000000,
        "750" : 0.000000,
        "1000" : 0.000000
      },
      "latency_us" : {
        "2" : 0.000000,
        "4" : 0.000000,
        "10" : 0.000000,
        "20" : 0.000000,
        "50" : 0.000000,
        "100" : 0.000000,
        "250" : 13.948339,
        "500" : 43.025830,
        "750" : 0.442804,
        "1000" : 0.147601
      },
      "latency_ms" : {
        "2" : 0.073801,
        "4" : 0.295203,
        "10" : 6.273063,
        "20" : 1.992620,
        "50" : 8.856089,
        "100" : 10.627306,
        "250" : 10.110701,
        "500" : 3.542435,
        "750" : 0.516605,
        "1000" : 0.147601,
        "2000" : 0.000000,
        ">=2000" : 0.000000
      },
      "latency_depth" : 1,
      "latency_target" : 0,
      "latency_percentile" : 100.000000,
      "latency_window" : 0
    }
  ]
}
