{
  "fio version" : "fio-3.38",
  "timestamp" : 1731023942,
  "timestamp_ms" : 1731023942997,
  "time" : "Fri Nov  8 12:59:02 2024",
  "jobs" : [
    {
      "jobname" : "gpfs_test",
      "groupid" : 0,
      "job_start" : 1731023880088,
      "error" : 0,
      "eta" : 0,
      "elapsed" : 64,
      "job options" : {
        "name" : "gpfs_test",
        "directory" : "/nesi/nobackup/nesi99999/Dinindu/IO-CUSTOM/GPFS_Client/testdir",
        "size" : "10G",
        "runtime" : "60",
        "ioengine" : "psync",
        "direct" : "1",
        "verify" : "0",
        "bs" : "8M",
        "rw" : "read",
        "numjobs" : "8",
        "filename_format" : "f.$jobnum.dat"
      },
      "read" : {
        "io_bytes" : 60246982656,
        "io_kbytes" : 58834944,
        "bw_bytes" : 959912411,
        "bw" : 937414,
        "iops" : 114.430477,
        "runtime" : 62763,
        "total_ios" : 7182,
        "short_ios" : 0,
        "drop_ios" : 0,
        "slat_ns" : {
          "min" : 0,
          "max" : 0,
          "mean" : 0.000000,
          "stddev" : 0.000000,
          "N" : 0
        },
        "clat_ns" : {
          "min" : 186521,
          "max" : 4228619109,
          "mean" : 68698367.510721,
          "stddev" : 244605247.416573,
          "N" : 7182,
          "percentile" : {
            "1.000000" : 187392,
            "5.000000" : 189440,
            "10.000000" : 189440,
            "20.000000" : 193536,
            "30.000000" : 199680,
            "40.000000" : 209920,
            "50.000000" : 5472256,
            "60.000000" : 30801920,
            "70.000000" : 47448064,
            "80.000000" : 68681728,
            "90.000000" : 149946368,
            "95.000000" : 263192576,
            "99.000000" : 1069547520,
            "99.500000" : 1870659584,
            "99.900000" : 3640655872,
            "99.950000" : 4009754624,
            "99.990000" : 4244635648
          }
        },
        "lat_ns" : {
          "min" : 186571,
          "max" : 4228620542,
          "mean" : 68698741.003481,
          "stddev" : 244605366.033144,
          "N" : 7182
        },
        "bw_min" : 131072,
        "bw_max" : 51855360,
        "bw_agg" : 100.000000,
        "bw_mean" : 1310059.623422,
        "bw_dev" : 944109.400576,
        "bw_samples" : 722,
        "iops_min" : 16,
        "iops_max" : 6330,
        "iops_mean" : 159.919388,
        "iops_stddev" : 115.247730,
        "iops_samples" : 722
      },
      "write" : {
        "io_bytes" : 0,
        "io_kbytes" : 0,
        "bw_bytes" : 0,
        "bw" : 0,
        "iops" : 0.000000,
        "runtime" : 0,
        "total_ios" : 0,
        "short_ios" : 0,
        "drop_ios" : 0,
        "slat_ns" : {
          "min" : 0,
          "max" : 0,
          "mean" : 0.000000,
          "stddev" : 0.000000,
          "N" : 0
        },
        "clat_ns" : {
          "min" : 0,
          "max" : 0,
          "mean" : 0.000000,
          "stddev" : 0.000000,
          "N" : 0
        },
        "lat_ns" : {
          "min" : 0,
          "max" : 0,
          "mean" : 0.000000,
          "stddev" : 0.000000,
          "N" : 0
        },
        "bw_min" : 0,
        "bw_max" : 0,
        "bw_agg" : 0.000000,
        "bw_mean" : 0.000000,
        "bw_dev" : 0.000000,
        "bw_samples" : 0,
        "iops_min" : 0,
        "iops_max" : 0,
        "iops_mean" : 0.000000,
        "iops_stddev" : 0.000000,
        "iops_samples" : 0
      },
      "trim" : {
        "io_bytes" : 0,
        "io_kbytes" : 0,
        "bw_bytes" : 0,
        "bw" : 0,
        "iops" : 0.000000,
        "runtime" : 0,
        "total_ios" : 0,
        "short_ios" : 0,
        "drop_ios" : 0,
        "slat_ns" : {
          "min" : 0,
          "max" : 0,
          "mean" : 0.000000,
          "stddev" : 0.000000,
          "N" : 0
        },
        "clat_ns" : {
          "min" : 0,
          "max" : 0,
          "mean" : 0.000000,
          "stddev" : 0.000000,
          "N" : 0
        },
        "lat_ns" : {
          "min" : 0,
          "max" : 0,
          "mean" : 0.000000,
          "stddev" : 0.000000,
          "N" : 0
        },
        "bw_min" : 0,
        "bw_max" : 0,
        "bw_agg" : 0.000000,
        "bw_mean" : 0.000000,
        "bw_dev" : 0.000000,
        "bw_samples" : 0,
        "iops_min" : 0,
        "iops_max" : 0,
        "iops_mean" : 0.000000,
        "iops_stddev" : 0.000000,
        "iops_samples" : 0
      },
      "sync" : {
        "total_ios" : 0,
        "lat_ns" : {
          "min" : 0,
          "max" : 0,
          "mean" : 0.000000,
          "stddev" : 0.000000,
          "N" : 0
        }
      },
      "job_runtime" : 493431,
      "usr_cpu" : 0.009322,
      "sys_cpu" : 0.283120,
      "ctx" : 4088,
      "majf" : 0,
      "minf" : 5806,
      "iodepth_level" : {
        "1" : 100.000000,
        "2" : 0.000000,
        "4" : 0.000000,
        "8" : 0.000000,
        "16" : 0.000000,
        "32" : 0.000000,
        ">=64" : 0.000000
      },
      "iodepth_submit" : {
        "0" : 0.000000,
        "4" : 100.000000,
        "8" : 0.000000,
        "16" : 0.000000,
        "32" : 0.000000,
        "64" : 0.000000,
        ">=64" : 0.000000
      },
      "iodepth_complete" : {
        "0" : 0.000000,
        "4" : 100.000000,
        "8" : 0.000000,
        "16" : 0.000000,
        "32" : 0.000000,
        "64" : 0.000000,
        ">=64" : 0.000000
      },
      "latency_ns" : {
        "2" : 0.000000,
        "4" : 0.000000,
        "10" : 0.000000,
        "20" : 0.000000,
        "50" : 0.000000,
        "100" : 0.000000,
        "250" : 0.000000,
        "500" : 0.000000,
        "750" : 0.000000,
        "1000" : 0.000000
      },
      "latency_us" : {
        "2" : 0.000000,
        "4" : 0.000000,
        "10" : 0.000000,
        "20" : 0.000000,
        "50" : 0.000000,
        "100" : 0.000000,
        "250" : 43.233083,
        "500" : 1.072125,
        "750" : 0.027847,
        "1000" : 0.013924
      },
      "latency_ms" : {
        "2" : 0.013924,
        "4" : 2.673350,
        "10" : 7.783347,
        "20" : 3.494848,
        "50" : 13.311055,
        "100" : 14.049011,
        "250" : 8.897243,
        "500" : 3.550543,
        "750" : 0.640490,
        "1000" : 0.139237,
        "2000" : 0.682261,
        ">=2000" : 0.417711
      },
      "latency_depth" : 1,
      "latency_target" : 0,
      "latency_percentile" : 100.000000,
      "latency_window" : 0
    }
  ]
}
