{
  "fio version" : "fio-3.38",
  "timestamp" : 1731024618,
  "timestamp_ms" : 1731024618741,
  "time" : "Fri Nov  8 13:10:18 2024",
  "jobs" : [
    {
      "jobname" : "gpfs_test",
      "groupid" : 0,
      "job_start" : 1731024558497,
      "error" : 0,
      "eta" : 0,
      "elapsed" : 61,
      "job options" : {
        "name" : "gpfs_test",
        "directory" : "/nesi/nobackup/nesi99999/Dinindu/IO-CUSTOM/GPFS_Client/testdir",
        "size" : "10G",
        "runtime" : "60",
        "ioengine" : "psync",
        "direct" : "1",
        "verify" : "0",
        "bs" : "4M",
        "rw" : "randrw",
        "numjobs" : "4",
        "filename_format" : "f.$jobnum.dat"
      },
      "read" : {
        "io_bytes" : 3141533696,
        "io_kbytes" : 3067904,
        "bw_bytes" : 52157220,
        "bw" : 50934,
        "iops" : 12.435250,
        "runtime" : 60232,
        "total_ios" : 749,
        "short_ios" : 0,
        "drop_ios" : 0,
        "slat_ns" : {
          "min" : 0,
          "max" : 0,
          "mean" : 0.000000,
          "stddev" : 0.000000,
          "N" : 0
        },
        "clat_ns" : {
          "min" : 127750,
          "max" : 3228723045,
          "mean" : 75976371.699599,
          "stddev" : 259544017.625802,
          "N" : 749,
          "percentile" : {
            "1.000000" : 175104,
            "5.000000" : 337920,
            "10.000000" : 415744,
            "20.000000" : 700416,
            "30.000000" : 1564672,
            "40.000000" : 4554752,
            "50.000000" : 27918336,
            "60.000000" : 34340864,
            "70.000000" : 43253760,
            "80.000000" : 60030976,
            "90.000000" : 126353408,
            "95.000000" : 227540992,
            "99.000000" : 1602224128,
            "99.500000" : 2038431744,
            "99.900000" : 3238002688,
            "99.950000" : 3238002688,
            "99.990000" : 3238002688
          }
        },
        "lat_ns" : {
          "min" : 127880,
          "max" : 3228725219,
          "mean" : 75977136.975968,
          "stddev" : 259544043.823858,
          "N" : 749
        },
        "bw_min" : 32768,
        "bw_max" : 270336,
        "bw_agg" : 100.000000,
        "bw_mean" : 79882.610699,
        "bw_dev" : 12782.155692,
        "bw_samples" : 308,
        "iops_min" : 8,
        "iops_max" : 66,
        "iops_mean" : 19.502591,
        "iops_stddev" : 3.120643,
        "iops_samples" : 308
      },
      "write" : {
        "io_bytes" : 3300917248,
        "io_kbytes" : 3223552,
        "bw_bytes" : 54803381,
        "bw" : 53518,
        "iops" : 13.066144,
        "runtime" : 60232,
        "total_ios" : 787,
        "short_ios" : 0,
        "drop_ios" : 0,
        "slat_ns" : {
          "min" : 0,
          "max" : 0,
          "mean" : 0.000000,
          "stddev" : 0.000000,
          "N" : 0
        },
        "clat_ns" : {
          "min" : 45797386,
          "max" : 3779683501,
          "mean" : 233129998.101652,
          "stddev" : 265023262.328779,
          "N" : 787,
          "percentile" : {
            "1.000000" : 67633152,
            "5.000000" : 92798976,
            "10.000000" : 104333312,
            "20.000000" : 120061952,
            "30.000000" : 135266304,
            "40.000000" : 152043520,
            "50.000000" : 170917888,
            "60.000000" : 196083712,
            "70.000000" : 233832448,
            "80.000000" : 291504128,
            "90.000000" : 383778816,
            "95.000000" : 471859200,
            "99.000000" : 1283457024,
            "99.500000" : 2197815296,
            "99.900000" : 3774873600,
            "99.950000" : 3774873600,
            "99.990000" : 3774873600
          }
        },
        "lat_ns" : {
          "min" : 45896091,
          "max" : 3780214539,
          "mean" : 233304909.336722,
          "stddev" : 265020873.752313,
          "N" : 787
        },
        "bw_min" : 32768,
        "bw_max" : 139264,
        "bw_agg" : 100.000000,
        "bw_mean" : 66289.911144,
        "bw_dev" : 7103.269893,
        "bw_samples" : 387,
        "iops_min" : 8,
        "iops_max" : 34,
        "iops_mean" : 16.184060,
        "iops_stddev" : 1.734197,
        "iops_samples" : 387
      },
      "trim" : {
        "io_bytes" : 0,
        "io_kbytes" : 0,
        "bw_bytes" : 0,
        "bw" : 0,
        "iops" : 0.000000,
        "runtime" : 0,
        "total_ios" : 0,
        "short_ios" : 0,
        "drop_ios" : 0,
        "slat_ns" : {
          "min" : 0,
          "max" : 0,
          "mean" : 0.000000,
          "stddev" : 0.000000,
          "N" : 0
        },
        "clat_ns" : {
          "min" : 0,
          "max" : 0,
          "mean" : 0.000000,
          "stddev" : 0.000000,
          "N" : 0
        },
        "lat_ns" : {
          "min" : 0,
          "max" : 0,
          "mean" : 0.000000,
          "stddev" : 0.000000,
          "N" : 0
        },
        "bw_min" : 0,
        "bw_max" : 0,
        "bw_agg" : 0.000000,
        "bw_mean" : 0.000000,
        "bw_dev" : 0.000000,
        "bw_samples" : 0,
        "iops_min" : 0,
        "iops_max" : 0,
        "iops_mean" : 0.000000,
        "iops_stddev" : 0.000000,
        "iops_samples" : 0
      },
      "sync" : {
        "total_ios" : 0,
        "lat_ns" : {
          "min" : 0,
          "max" : 0,
          "mean" : 0.000000,
          "stddev" : 0.000000,
          "N" : 0
        }
      },
      "job_runtime" : 240529,
      "usr_cpu" : 0.061531,
      "sys_cpu" : 0.165469,
      "ctx" : 1358,
      "majf" : 0,
      "minf" : 71,
      "iodepth_level" : {
        "1" : 100.000000,
        "2" : 0.000000,
        "4" : 0.000000,
        "8" : 0.000000,
        "16" : 0.000000,
        "32" : 0.000000,
        ">=64" : 0.000000
      },
      "iodepth_submit" : {
        "0" : 0.000000,
        "4" : 100.000000,
        "8" : 0.000000,
        "16" : 0.000000,
        "32" : 0.000000,
        "64" : 0.000000,
        ">=64" : 0.000000
      },
      "iodepth_complete" : {
        "0" : 0.000000,
        "4" : 100.000000,
        "8" : 0.000000,
        "16" : 0.000000,
        "32" : 0.000000,
        "64" : 0.000000,
        ">=64" : 0.000000
      },
      "latency_ns" : {
        "2" : 0.000000,
        "4" : 0.000000,
        "10" : 0.000000,
        "20" : 0.000000,
        "50" : 0.000000,
        "100" : 0.000000,
        "250" : 0.000000,
        "500" : 0.000000,
        "750" : 0.000000,
        "1000" : 0.000000
      },
      "latency_us" : {
        "2" : 0.000000,
        "4" : 0.000000,
        "10" : 0.000000,
        "20" : 0.000000,
        "50" : 0.000000,
        "100" : 0.000000,
        "250" : 1.562500,
        "500" : 5.338542,
        "750" : 3.059896,
        "1000" : 1.888021
      },
      "latency_ms" : {
        "2" : 4.687500,
        "4" : 2.669271,
        "10" : 0.781250,
        "20" : 0.455729,
        "50" : 16.276042,
        "100" : 9.960938,
        "250" : 37.434896,
        "500" : 12.565104,
        "750" : 1.367188,
        "1000" : 0.325521,
        "2000" : 1.041667,
        ">=2000" : 0.585938
      },
      "latency_depth" : 1,
      "latency_target" : 0,
      "latency_percentile" : 100.000000,
      "latency_window" : 0
    }
  ]
}
