{
  "fio version" : "fio-3.38",
  "timestamp" : 1731022898,
  "timestamp_ms" : 1731022898713,
  "time" : "Fri Nov  8 12:41:38 2024",
  "jobs" : [
    {
      "jobname" : "gpfs_test",
      "groupid" : 0,
      "job_start" : 1731022838551,
      "error" : 0,
      "eta" : 0,
      "elapsed" : 61,
      "job options" : {
        "name" : "gpfs_test",
        "directory" : "/nesi/nobackup/nesi99999/Dinindu/IO-CUSTOM/GPFS_Client/testdir",
        "size" : "10G",
        "runtime" : "60",
        "ioengine" : "psync",
        "direct" : "1",
        "verify" : "0",
        "bs" : "8M",
        "rw" : "write",
        "numjobs" : "4",
        "filename_format" : "f.$jobnum.dat"
      },
      "read" : {
        "io_bytes" : 0,
        "io_kbytes" : 0,
        "bw_bytes" : 0,
        "bw" : 0,
        "iops" : 0.000000,
        "runtime" : 0,
        "total_ios" : 0,
        "short_ios" : 0,
        "drop_ios" : 0,
        "slat_ns" : {
          "min" : 0,
          "max" : 0,
          "mean" : 0.000000,
          "stddev" : 0.000000,
          "N" : 0
        },
        "clat_ns" : {
          "min" : 0,
          "max" : 0,
          "mean" : 0.000000,
          "stddev" : 0.000000,
          "N" : 0
        },
        "lat_ns" : {
          "min" : 0,
          "max" : 0,
          "mean" : 0.000000,
          "stddev" : 0.000000,
          "N" : 0
        },
        "bw_min" : 0,
        "bw_max" : 0,
        "bw_agg" : 0.000000,
        "bw_mean" : 0.000000,
        "bw_dev" : 0.000000,
        "bw_samples" : 0,
        "iops_min" : 0,
        "iops_max" : 0,
        "iops_mean" : 0.000000,
        "iops_stddev" : 0.000000,
        "iops_samples" : 0
      },
      "write" : {
        "io_bytes" : 12440305664,
        "io_kbytes" : 12148736,
        "bw_bytes" : 206976219,
        "bw" : 202125,
        "iops" : 24.673488,
        "runtime" : 60105,
        "total_ios" : 1483,
        "short_ios" : 0,
        "drop_ios" : 0,
        "slat_ns" : {
          "min" : 0,
          "max" : 0,
          "mean" : 0.000000,
          "stddev" : 0.000000,
          "N" : 0
        },
        "clat_ns" : {
          "min" : 28891385,
          "max" : 5913464290,
          "mean" : 161471361.483479,
          "stddev" : 432244849.023591,
          "N" : 1483,
          "percentile" : {
            "1.000000" : 32636928,
            "5.000000" : 39583744,
            "10.000000" : 43253760,
            "20.000000" : 51642368,
            "30.000000" : 59506688,
            "40.000000" : 67633152,
            "50.000000" : 78118912,
            "60.000000" : 90701824,
            "70.000000" : 110624768,
            "80.000000" : 137363456,
            "90.000000" : 200278016,
            "95.000000" : 325058560,
            "99.000000" : 2164260864,
            "99.500000" : 3573547008,
            "99.900000" : 5402263552,
            "99.950000" : 5939134464,
            "99.990000" : 5939134464
          }
        },
        "lat_ns" : {
          "min" : 29769045,
          "max" : 5913703691,
          "mean" : 161991426.068780,
          "stddev" : 432238876.392462,
          "N" : 1483
        },
        "bw_min" : 65536,
        "bw_max" : 573440,
        "bw_agg" : 100.000000,
        "bw_mean" : 295390.702257,
        "bw_dev" : 32511.491794,
        "bw_samples" : 328,
        "iops_min" : 8,
        "iops_max" : 70,
        "iops_mean" : 36.058385,
        "iops_stddev" : 3.968708,
        "iops_samples" : 328
      },
      "trim" : {
        "io_bytes" : 0,
        "io_kbytes" : 0,
        "bw_bytes" : 0,
        "bw" : 0,
        "iops" : 0.000000,
        "runtime" : 0,
        "total_ios" : 0,
        "short_ios" : 0,
        "drop_ios" : 0,
        "slat_ns" : {
          "min" : 0,
          "max" : 0,
          "mean" : 0.000000,
          "stddev" : 0.000000,
          "N" : 0
        },
        "clat_ns" : {
          "min" : 0,
          "max" : 0,
          "mean" : 0.000000,
          "stddev" : 0.000000,
          "N" : 0
        },
        "lat_ns" : {
          "min" : 0,
          "max" : 0,
          "mean" : 0.000000,
          "stddev" : 0.000000,
          "N" : 0
        },
        "bw_min" : 0,
        "bw_max" : 0,
        "bw_agg" : 0.000000,
        "bw_mean" : 0.000000,
        "bw_dev" : 0.000000,
        "bw_samples" : 0,
        "iops_min" : 0,
        "iops_max" : 0,
        "iops_mean" : 0.000000,
        "iops_stddev" : 0.000000,
        "iops_samples" : 0
      },
      "sync" : {
        "total_ios" : 0,
        "lat_ns" : {
          "min" : 0,
          "max" : 0,
          "mean" : 0.000000,
          "stddev" : 0.000000,
          "N" : 0
        }
      },
      "job_runtime" : 240249,
      "usr_cpu" : 0.332572,
      "sys_cpu" : 0.762126,
      "ctx" : 2106,
      "majf" : 0,
      "minf" : 63,
      "iodepth_level" : {
        "1" : 100.000000,
        "2" : 0.000000,
        "4" : 0.000000,
        "8" : 0.000000,
        "16" : 0.000000,
        "32" : 0.000000,
        ">=64" : 0.000000
      },
      "iodepth_submit" : {
        "0" : 0.000000,
        "4" : 100.000000,
        "8" : 0.000000,
        "16" : 0.000000,
        "32" : 0.000000,
        "64" : 0.000000,
        ">=64" : 0.000000
      },
      "iodepth_complete" : {
        "0" : 0.000000,
        "4" : 100.000000,
        "8" : 0.000000,
        "16" : 0.000000,
        "32" : 0.000000,
        "64" : 0.000000,
        ">=64" : 0.000000
      },
      "latency_ns" : {
        "2" : 0.000000,
        "4" : 0.000000,
        "10" : 0.000000,
        "20" : 0.000000,
        "50" : 0.000000,
        "100" : 0.000000,
        "250" : 0.000000,
        "500" : 0.000000,
        "750" : 0.000000,
        "1000" : 0.000000
      },
      "latency_us" : {
        "2" : 0.000000,
        "4" : 0.000000,
        "10" : 0.000000,
        "20" : 0.000000,
        "50" : 0.000000,
        "100" : 0.000000,
        "250" : 0.000000,
        "500" : 0.000000,
        "750" : 0.000000,
        "1000" : 0.000000
      },
      "latency_ms" : {
        "2" : 0.000000,
        "4" : 0.000000,
        "10" : 0.000000,
        "20" : 0.000000,
        "50" : 18.341200,
        "100" : 47.201618,
        "250" : 26.972353,
        "500" : 4.315577,
        "750" : 0.269724,
        "1000" : 0.404585,
        "2000" : 1.348618,
        ">=2000" : 1.146325
      },
      "latency_depth" : 1,
      "latency_target" : 0,
      "latency_percentile" : 100.000000,
      "latency_window" : 0
    }
  ]
}
