{
  "fio version" : "fio-3.38",
  "timestamp" : 1731024433,
  "timestamp_ms" : 1731024433243,
  "time" : "Fri Nov  8 13:07:13 2024",
  "jobs" : [
    {
      "jobname" : "gpfs_test",
      "groupid" : 0,
      "job_start" : 1731024372836,
      "error" : 0,
      "eta" : 0,
      "elapsed" : 61,
      "job options" : {
        "name" : "gpfs_test",
        "directory" : "/nesi/nobackup/nesi99999/Dinindu/IO-CUSTOM/GPFS_Client/testdir",
        "size" : "10G",
        "runtime" : "60",
        "ioengine" : "psync",
        "direct" : "1",
        "verify" : "0",
        "bs" : "1M",
        "rw" : "randrw",
        "numjobs" : "8",
        "filename_format" : "f.$jobnum.dat"
      },
      "read" : {
        "io_bytes" : 1828716544,
        "io_kbytes" : 1785856,
        "bw_bytes" : 30401591,
        "bw" : 29689,
        "iops" : 28.993217,
        "runtime" : 60152,
        "total_ios" : 1744,
        "short_ios" : 0,
        "drop_ios" : 0,
        "slat_ns" : {
          "min" : 0,
          "max" : 0,
          "mean" : 0.000000,
          "stddev" : 0.000000,
          "N" : 0
        },
        "clat_ns" : {
          "min" : 36589,
          "max" : 5527831489,
          "mean" : 37372814.131881,
          "stddev" : 274717714.890795,
          "N" : 1744,
          "percentile" : {
            "1.000000" : 43776,
            "5.000000" : 58112,
            "10.000000" : 90624,
            "20.000000" : 207872,
            "30.000000" : 444416,
            "40.000000" : 692224,
            "50.000000" : 1204224,
            "60.000000" : 14483456,
            "70.000000" : 19529728,
            "80.000000" : 24248320,
            "90.000000" : 36438016,
            "95.000000" : 56360960,
            "99.000000" : 379584512,
            "99.500000" : 1954545664,
            "99.900000" : 5402263552,
            "99.950000" : 5536481280,
            "99.990000" : 5536481280
          }
        },
        "lat_ns" : {
          "min" : 36719,
          "max" : 5527831729,
          "mean" : 37373686.643922,
          "stddev" : 274717716.235766,
          "N" : 1744
        },
        "bw_min" : 16384,
        "bw_max" : 204800,
        "bw_agg" : 100.000000,
        "bw_mean" : 56953.131879,
        "bw_dev" : 4949.702965,
        "bw_samples" : 503,
        "iops_min" : 16,
        "iops_max" : 200,
        "iops_mean" : 55.617433,
        "iops_stddev" : 4.833629,
        "iops_samples" : 503
      },
      "write" : {
        "io_bytes" : 1923088384,
        "io_kbytes" : 1878016,
        "bw_bytes" : 31970481,
        "bw" : 31221,
        "iops" : 30.489427,
        "runtime" : 60152,
        "total_ios" : 1834,
        "short_ios" : 0,
        "drop_ios" : 0,
        "slat_ns" : {
          "min" : 0,
          "max" : 0,
          "mean" : 0.000000,
          "stddev" : 0.000000,
          "N" : 0
        },
        "clat_ns" : {
          "min" : 28441796,
          "max" : 6222106212,
          "mean" : 226537475.827154,
          "stddev" : 519192880.431989,
          "N" : 1834,
          "percentile" : {
            "1.000000" : 35913728,
            "5.000000" : 44302336,
            "10.000000" : 51642368,
            "20.000000" : 66322432,
            "30.000000" : 78118912,
            "40.000000" : 89653248,
            "50.000000" : 103284736,
            "60.000000" : 121110528,
            "70.000000" : 145752064,
            "80.000000" : 183500800,
            "90.000000" : 283115520,
            "95.000000" : 775946240,
            "99.000000" : 2701131776,
            "99.500000" : 3841982464,
            "99.900000" : 6006243328,
            "99.950000" : 6207569920,
            "99.990000" : 6207569920
          }
        },
        "lat_ns" : {
          "min" : 28451214,
          "max" : 6222176895,
          "mean" : 226588866.700654,
          "stddev" : 519192116.712609,
          "N" : 1834
        },
        "bw_min" : 16384,
        "bw_max" : 108592,
        "bw_agg" : 100.000000,
        "bw_mean" : 51369.605586,
        "bw_dev" : 3044.969871,
        "bw_samples" : 583,
        "iops_min" : 16,
        "iops_max" : 106,
        "iops_mean" : 50.164715,
        "iops_stddev" : 2.973403,
        "iops_samples" : 583
      },
      "trim" : {
        "io_bytes" : 0,
        "io_kbytes" : 0,
        "bw_bytes" : 0,
        "bw" : 0,
        "iops" : 0.000000,
        "runtime" : 0,
        "total_ios" : 0,
        "short_ios" : 0,
        "drop_ios" : 0,
        "slat_ns" : {
          "min" : 0,
          "max" : 0,
          "mean" : 0.000000,
          "stddev" : 0.000000,
          "N" : 0
        },
        "clat_ns" : {
          "min" : 0,
          "max" : 0,
          "mean" : 0.000000,
          "stddev" : 0.000000,
          "N" : 0
        },
        "lat_ns" : {
          "min" : 0,
          "max" : 0,
          "mean" : 0.000000,
          "stddev" : 0.000000,
          "N" : 0
        },
        "bw_min" : 0,
        "bw_max" : 0,
        "bw_agg" : 0.000000,
        "bw_mean" : 0.000000,
        "bw_dev" : 0.000000,
        "bw_samples" : 0,
        "iops_min" : 0,
        "iops_max" : 0,
        "iops_mean" : 0.000000,
        "iops_stddev" : 0.000000,
        "iops_samples" : 0
      },
      "sync" : {
        "total_ios" : 0,
        "lat_ns" : {
          "min" : 0,
          "max" : 0,
          "mean" : 0.000000,
          "stddev" : 0.000000,
          "N" : 0
        }
      },
      "job_runtime" : 480774,
      "usr_cpu" : 0.032240,
      "sys_cpu" : 0.178046,
      "ctx" : 6009,
      "majf" : 0,
      "minf" : 143,
      "iodepth_level" : {
        "1" : 100.000000,
        "2" : 0.000000,
        "4" : 0.000000,
        "8" : 0.000000,
        "16" : 0.000000,
        "32" : 0.000000,
        ">=64" : 0.000000
      },
      "iodepth_submit" : {
        "0" : 0.000000,
        "4" : 100.000000,
        "8" : 0.000000,
        "16" : 0.000000,
        "32" : 0.000000,
        "64" : 0.000000,
        ">=64" : 0.000000
      },
      "iodepth_complete" : {
        "0" : 0.000000,
        "4" : 100.000000,
        "8" : 0.000000,
        "16" : 0.000000,
        "32" : 0.000000,
        "64" : 0.000000,
        ">=64" : 0.000000
      },
      "latency_ns" : {
        "2" : 0.000000,
        "4" : 0.000000,
        "10" : 0.000000,
        "20" : 0.000000,
        "50" : 0.000000,
        "100" : 0.000000,
        "250" : 0.000000,
        "500" : 0.000000,
        "750" : 0.000000,
        "1000" : 0.000000
      },
      "latency_us" : {
        "2" : 0.000000,
        "4" : 0.000000,
        "10" : 0.000000,
        "20" : 0.000000,
        "50" : 0.978200,
        "100" : 4.164338,
        "250" : 5.645612,
        "500" : 5.254332,
        "750" : 4.192286,
        "1000" : 2.403577
      },
      "latency_ms" : {
        "2" : 4.052543,
        "4" : 0.642817,
        "10" : 0.307434,
        "20" : 6.987144,
        "50" : 15.595305,
        "100" : 21.492454,
        "250" : 21.268865,
        "500" : 3.549469,
        "750" : 0.503074,
        "1000" : 0.307434,
        "2000" : 1.341532,
        ">=2000" : 1.313583
      },
      "latency_depth" : 1,
      "latency_target" : 0,
      "latency_percentile" : 100.000000,
      "latency_window" : 0
    }
  ]
}
