{
  "fio version" : "fio-3.38",
  "timestamp" : 1731024066,
  "timestamp_ms" : 1731024066745,
  "time" : "Fri Nov  8 13:01:06 2024",
  "jobs" : [
    {
      "jobname" : "gpfs_test",
      "groupid" : 0,
      "job_start" : 1731024006722,
      "error" : 0,
      "eta" : 0,
      "elapsed" : 61,
      "job options" : {
        "name" : "gpfs_test",
        "directory" : "/nesi/nobackup/nesi99999/Dinindu/IO-CUSTOM/GPFS_Client/testdir",
        "size" : "10G",
        "runtime" : "60",
        "ioengine" : "psync",
        "direct" : "1",
        "verify" : "0",
        "bs" : "16M",
        "rw" : "read",
        "numjobs" : "1",
        "filename_format" : "f.$jobnum.dat"
      },
      "read" : {
        "io_bytes" : 32547799040,
        "io_kbytes" : 31784960,
        "bw_bytes" : 542454276,
        "bw" : 529740,
        "iops" : 32.332794,
        "runtime" : 60001,
        "total_ios" : 1940,
        "short_ios" : 0,
        "drop_ios" : 0,
        "slat_ns" : {
          "min" : 0,
          "max" : 0,
          "mean" : 0.000000,
          "stddev" : 0.000000,
          "N" : 0
        },
        "clat_ns" : {
          "min" : 367521,
          "max" : 2078843447,
          "mean" : 30924249.297423,
          "stddev" : 104700149.949505,
          "N" : 1940,
          "percentile" : {
            "1.000000" : 370688,
            "5.000000" : 387072,
            "10.000000" : 399360,
            "20.000000" : 415744,
            "30.000000" : 440320,
            "40.000000" : 464896,
            "50.000000" : 536576,
            "60.000000" : 2244608,
            "70.000000" : 8585216,
            "80.000000" : 19529728,
            "90.000000" : 74973184,
            "95.000000" : 145752064,
            "99.000000" : 455081984,
            "99.500000" : 549453824,
            "99.900000" : 1635778560,
            "99.950000" : 2071986176,
            "99.990000" : 2071986176
          }
        },
        "lat_ns" : {
          "min" : 367561,
          "max" : 2078844008,
          "mean" : 30924669.048969,
          "stddev" : 104700333.970798,
          "N" : 1940
        },
        "bw_min" : 32768,
        "bw_max" : 12976128,
        "bw_agg" : 94.190834,
        "bw_mean" : 498967.272727,
        "bw_dev" : 1586717.236856,
        "bw_samples" : 110,
        "iops_min" : 2,
        "iops_max" : 792,
        "iops_mean" : 30.454545,
        "iops_stddev" : 96.845534,
        "iops_samples" : 110
      },
      "write" : {
        "io_bytes" : 0,
        "io_kbytes" : 0,
        "bw_bytes" : 0,
        "bw" : 0,
        "iops" : 0.000000,
        "runtime" : 0,
        "total_ios" : 0,
        "short_ios" : 0,
        "drop_ios" : 0,
        "slat_ns" : {
          "min" : 0,
          "max" : 0,
          "mean" : 0.000000,
          "stddev" : 0.000000,
          "N" : 0
        },
        "clat_ns" : {
          "min" : 0,
          "max" : 0,
          "mean" : 0.000000,
          "stddev" : 0.000000,
          "N" : 0
        },
        "lat_ns" : {
          "min" : 0,
          "max" : 0,
          "mean" : 0.000000,
          "stddev" : 0.000000,
          "N" : 0
        },
        "bw_min" : 0,
        "bw_max" : 0,
        "bw_agg" : 0.000000,
        "bw_mean" : 0.000000,
        "bw_dev" : 0.000000,
        "bw_samples" : 0,
        "iops_min" : 0,
        "iops_max" : 0,
        "iops_mean" : 0.000000,
        "iops_stddev" : 0.000000,
        "iops_samples" : 0
      },
      "trim" : {
        "io_bytes" : 0,
        "io_kbytes" : 0,
        "bw_bytes" : 0,
        "bw" : 0,
        "iops" : 0.000000,
        "runtime" : 0,
        "total_ios" : 0,
        "short_ios" : 0,
        "drop_ios" : 0,
        "slat_ns" : {
          "min" : 0,
          "max" : 0,
          "mean" : 0.000000,
          "stddev" : 0.000000,
          "N" : 0
        },
        "clat_ns" : {
          "min" : 0,
          "max" : 0,
          "mean" : 0.000000,
          "stddev" : 0.000000,
          "N" : 0
        },
        "lat_ns" : {
          "min" : 0,
          "max" : 0,
          "mean" : 0.000000,
          "stddev" : 0.000000,
          "N" : 0
        },
        "bw_min" : 0,
        "bw_max" : 0,
        "bw_agg" : 0.000000,
        "bw_mean" : 0.000000,
        "bw_dev" : 0.000000,
        "bw_samples" : 0,
        "iops_min" : 0,
        "iops_max" : 0,
        "iops_mean" : 0.000000,
        "iops_stddev" : 0.000000,
        "iops_samples" : 0
      },
      "sync" : {
        "total_ios" : 0,
        "lat_ns" : {
          "min" : 0,
          "max" : 0,
          "mean" : 0.000000,
          "stddev" : 0.000000,
          "N" : 0
        }
      },
      "job_runtime" : 60000,
      "usr_cpu" : 0.023333,
      "sys_cpu" : 1.305000,
      "ctx" : 780,
      "majf" : 0,
      "minf" : 539,
      "iodepth_level" : {
        "1" : 100.000000,
        "2" : 0.000000,
        "4" : 0.000000,
        "8" : 0.000000,
        "16" : 0.000000,
        "32" : 0.000000,
        ">=64" : 0.000000
      },
      "iodepth_submit" : {
        "0" : 0.000000,
        "4" : 100.000000,
        "8" : 0.000000,
        "16" : 0.000000,
        "32" : 0.000000,
        "64" : 0.000000,
        ">=64" : 0.000000
      },
      "iodepth_complete" : {
        "0" : 0.000000,
        "4" : 100.000000,
        "8" : 0.000000,
        "16" : 0.000000,
        "32" : 0.000000,
        "64" : 0.000000,
        ">=64" : 0.000000
      },
      "latency_ns" : {
        "2" : 0.000000,
        "4" : 0.000000,
        "10" : 0.000000,
        "20" : 0.000000,
        "50" : 0.000000,
        "100" : 0.000000,
        "250" : 0.000000,
        "500" : 0.000000,
        "750" : 0.000000,
        "1000" : 0.000000
      },
      "latency_us" : {
        "2" : 0.000000,
        "4" : 0.000000,
        "10" : 0.000000,
        "20" : 0.000000,
        "50" : 0.000000,
        "100" : 0.000000,
        "250" : 0.000000,
        "500" : 45.567010,
        "750" : 9.329897,
        "1000" : 1.958763
      },
      "latency_ms" : {
        "2" : 2.731959,
        "4" : 0.670103,
        "10" : 14.536082,
        "20" : 5.257732,
        "50" : 5.618557,
        "100" : 7.268041,
        "250" : 3.608247,
        "500" : 2.886598,
        "750" : 0.257732,
        "1000" : 0.154639,
        "2000" : 0.103093,
        ">=2000" : 0.051546
      },
      "latency_depth" : 1,
      "latency_target" : 0,
      "latency_percentile" : 100.000000,
      "latency_window" : 0
    }
  ]
}
