{
  "fio version" : "fio-3.38",
  "timestamp" : 1731022592,
  "timestamp_ms" : 1731022592219,
  "time" : "Fri Nov  8 12:36:32 2024",
  "jobs" : [
    {
      "jobname" : "gpfs_test",
      "groupid" : 0,
      "job_start" : 1731022531798,
      "error" : 0,
      "eta" : 0,
      "elapsed" : 61,
      "job options" : {
        "name" : "gpfs_test",
        "directory" : "/nesi/nobackup/nesi99999/Dinindu/IO-CUSTOM/GPFS_Client/testdir",
        "size" : "10G",
        "runtime" : "60",
        "ioengine" : "psync",
        "direct" : "1",
        "verify" : "0",
        "bs" : "4M",
        "rw" : "write",
        "numjobs" : "1",
        "filename_format" : "f.$jobnum.dat"
      },
      "read" : {
        "io_bytes" : 0,
        "io_kbytes" : 0,
        "bw_bytes" : 0,
        "bw" : 0,
        "iops" : 0.000000,
        "runtime" : 0,
        "total_ios" : 0,
        "short_ios" : 0,
        "drop_ios" : 0,
        "slat_ns" : {
          "min" : 0,
          "max" : 0,
          "mean" : 0.000000,
          "stddev" : 0.000000,
          "N" : 0
        },
        "clat_ns" : {
          "min" : 0,
          "max" : 0,
          "mean" : 0.000000,
          "stddev" : 0.000000,
          "N" : 0
        },
        "lat_ns" : {
          "min" : 0,
          "max" : 0,
          "mean" : 0.000000,
          "stddev" : 0.000000,
          "N" : 0
        },
        "bw_min" : 0,
        "bw_max" : 0,
        "bw_agg" : 0.000000,
        "bw_mean" : 0.000000,
        "bw_dev" : 0.000000,
        "bw_samples" : 0,
        "iops_min" : 0,
        "iops_max" : 0,
        "iops_mean" : 0.000000,
        "iops_stddev" : 0.000000,
        "iops_samples" : 0
      },
      "write" : {
        "io_bytes" : 1463812096,
        "io_kbytes" : 1429504,
        "bw_bytes" : 24279919,
        "bw" : 23710,
        "iops" : 5.788784,
        "runtime" : 60289,
        "total_ios" : 349,
        "short_ios" : 0,
        "drop_ios" : 0,
        "slat_ns" : {
          "min" : 0,
          "max" : 0,
          "mean" : 0.000000,
          "stddev" : 0.000000,
          "N" : 0
        },
        "clat_ns" : {
          "min" : 37076427,
          "max" : 4042943262,
          "mean" : 172351272.871060,
          "stddev" : 303530130.514453,
          "N" : 349,
          "percentile" : {
            "1.000000" : 40108032,
            "5.000000" : 47972352,
            "10.000000" : 58458112,
            "20.000000" : 73924608,
            "30.000000" : 87556096,
            "40.000000" : 99090432,
            "50.000000" : 112721920,
            "60.000000" : 126353408,
            "70.000000" : 147849216,
            "80.000000" : 189792256,
            "90.000000" : 261095424,
            "95.000000" : 371195904,
            "99.000000" : 1300234240,
            "99.500000" : 2634022912,
            "99.900000" : 4043309056,
            "99.950000" : 4043309056,
            "99.990000" : 4043309056
          }
        },
        "lat_ns" : {
          "min" : 37655053,
          "max" : 4043581039,
          "mean" : 172731619.392550,
          "stddev" : 303532166.078653,
          "N" : 349
        },
        "bw_min" : 8192,
        "bw_max" : 49152,
        "bw_agg" : 100.000000,
        "bw_mean" : 29389.855670,
        "bw_dev" : 11448.825414,
        "bw_samples" : 97,
        "iops_min" : 2,
        "iops_max" : 12,
        "iops_mean" : 7.175258,
        "iops_stddev" : 2.795123,
        "iops_samples" : 97
      },
      "trim" : {
        "io_bytes" : 0,
        "io_kbytes" : 0,
        "bw_bytes" : 0,
        "bw" : 0,
        "iops" : 0.000000,
        "runtime" : 0,
        "total_ios" : 0,
        "short_ios" : 0,
        "drop_ios" : 0,
        "slat_ns" : {
          "min" : 0,
          "max" : 0,
          "mean" : 0.000000,
          "stddev" : 0.000000,
          "N" : 0
        },
        "clat_ns" : {
          "min" : 0,
          "max" : 0,
          "mean" : 0.000000,
          "stddev" : 0.000000,
          "N" : 0
        },
        "lat_ns" : {
          "min" : 0,
          "max" : 0,
          "mean" : 0.000000,
          "stddev" : 0.000000,
          "N" : 0
        },
        "bw_min" : 0,
        "bw_max" : 0,
        "bw_agg" : 0.000000,
        "bw_mean" : 0.000000,
        "bw_dev" : 0.000000,
        "bw_samples" : 0,
        "iops_min" : 0,
        "iops_max" : 0,
        "iops_mean" : 0.000000,
        "iops_stddev" : 0.000000,
        "iops_samples" : 0
      },
      "sync" : {
        "total_ios" : 0,
        "lat_ns" : {
          "min" : 0,
          "max" : 0,
          "mean" : 0.000000,
          "stddev" : 0.000000,
          "N" : 0
        }
      },
      "job_runtime" : 60288,
      "usr_cpu" : 0.210656,
      "sys_cpu" : 0.691680,
      "ctx" : 858,
      "majf" : 0,
      "minf" : 16,
      "iodepth_level" : {
        "1" : 100.000000,
        "2" : 0.000000,
        "4" : 0.000000,
        "8" : 0.000000,
        "16" : 0.000000,
        "32" : 0.000000,
        ">=64" : 0.000000
      },
      "iodepth_submit" : {
        "0" : 0.000000,
        "4" : 100.000000,
        "8" : 0.000000,
        "16" : 0.000000,
        "32" : 0.000000,
        "64" : 0.000000,
        ">=64" : 0.000000
      },
      "iodepth_complete" : {
        "0" : 0.000000,
        "4" : 100.000000,
        "8" : 0.000000,
        "16" : 0.000000,
        "32" : 0.000000,
        "64" : 0.000000,
        ">=64" : 0.000000
      },
      "latency_ns" : {
        "2" : 0.000000,
        "4" : 0.000000,
        "10" : 0.000000,
        "20" : 0.000000,
        "50" : 0.000000,
        "100" : 0.000000,
        "250" : 0.000000,
        "500" : 0.000000,
        "750" : 0.000000,
        "1000" : 0.000000
      },
      "latency_us" : {
        "2" : 0.000000,
        "4" : 0.000000,
        "10" : 0.000000,
        "20" : 0.000000,
        "50" : 0.000000,
        "100" : 0.000000,
        "250" : 0.000000,
        "500" : 0.000000,
        "750" : 0.000000,
        "1000" : 0.000000
      },
      "latency_ms" : {
        "2" : 0.000000,
        "4" : 0.000000,
        "10" : 0.000000,
        "20" : 0.000000,
        "50" : 6.017192,
        "100" : 35.243553,
        "250" : 47.851003,
        "500" : 7.736390,
        "750" : 0.859599,
        "1000" : 0.286533,
        "2000" : 1.146132,
        ">=2000" : 0.859599
      },
      "latency_depth" : 1,
      "latency_target" : 0,
      "latency_percentile" : 100.000000,
      "latency_window" : 0
    }
  ]
}
