{
  "fio version" : "fio-3.38",
  "timestamp" : 1731024006,
  "timestamp_ms" : 1731024006147,
  "time" : "Fri Nov  8 13:00:06 2024",
  "jobs" : [
    {
      "jobname" : "gpfs_test",
      "groupid" : 0,
      "job_start" : 1731023945909,
      "error" : 0,
      "eta" : 0,
      "elapsed" : 61,
      "job options" : {
        "name" : "gpfs_test",
        "directory" : "/nesi/nobackup/nesi99999/Dinindu/IO-CUSTOM/GPFS_Client/testdir",
        "size" : "10G",
        "runtime" : "60",
        "ioengine" : "psync",
        "direct" : "1",
        "verify" : "0",
        "bs" : "8M",
        "rw" : "read",
        "numjobs" : "16",
        "filename_format" : "f.$jobnum.dat"
      },
      "read" : {
        "io_bytes" : 156489482240,
        "io_kbytes" : 152821760,
        "bw_bytes" : 2605899591,
        "bw" : 2544823,
        "iops" : 310.647439,
        "runtime" : 60052,
        "total_ios" : 18655,
        "short_ios" : 0,
        "drop_ios" : 0,
        "slat_ns" : {
          "min" : 0,
          "max" : 0,
          "mean" : 0.000000,
          "stddev" : 0.000000,
          "N" : 0
        },
        "clat_ns" : {
          "min" : 186270,
          "max" : 5869679047,
          "mean" : 51414207.533851,
          "stddev" : 193157820.330485,
          "N" : 18655,
          "percentile" : {
            "1.000000" : 189440,
            "5.000000" : 191488,
            "10.000000" : 195584,
            "20.000000" : 209920,
            "30.000000" : 222208,
            "40.000000" : 246784,
            "50.000000" : 5144576,
            "60.000000" : 32899072,
            "70.000000" : 43778048,
            "80.000000" : 56360960,
            "90.000000" : 83361792,
            "95.000000" : 208666624,
            "99.000000" : 616562688,
            "99.500000" : 985661440,
            "99.900000" : 2197815296,
            "99.950000" : 4596957184,
            "99.990000" : 5737807872
          }
        },
        "lat_ns" : {
          "min" : 186330,
          "max" : 5869679888,
          "mean" : 51414628.585741,
          "stddev" : 193157913.119561,
          "N" : 18655
        },
        "bw_min" : 262144,
        "bw_max" : 120897536,
        "bw_agg" : 100.000000,
        "bw_mean" : 3097509.766477,
        "bw_dev" : 998234.914832,
        "bw_samples" : 1578,
        "iops_min" : 32,
        "iops_max" : 14758,
        "iops_mean" : 378.113504,
        "iops_stddev" : 121.854850,
        "iops_samples" : 1578
      },
      "write" : {
        "io_bytes" : 0,
        "io_kbytes" : 0,
        "bw_bytes" : 0,
        "bw" : 0,
        "iops" : 0.000000,
        "runtime" : 0,
        "total_ios" : 0,
        "short_ios" : 0,
        "drop_ios" : 0,
        "slat_ns" : {
          "min" : 0,
          "max" : 0,
          "mean" : 0.000000,
          "stddev" : 0.000000,
          "N" : 0
        },
        "clat_ns" : {
          "min" : 0,
          "max" : 0,
          "mean" : 0.000000,
          "stddev" : 0.000000,
          "N" : 0
        },
        "lat_ns" : {
          "min" : 0,
          "max" : 0,
          "mean" : 0.000000,
          "stddev" : 0.000000,
          "N" : 0
        },
        "bw_min" : 0,
        "bw_max" : 0,
        "bw_agg" : 0.000000,
        "bw_mean" : 0.000000,
        "bw_dev" : 0.000000,
        "bw_samples" : 0,
        "iops_min" : 0,
        "iops_max" : 0,
        "iops_mean" : 0.000000,
        "iops_stddev" : 0.000000,
        "iops_samples" : 0
      },
      "trim" : {
        "io_bytes" : 0,
        "io_kbytes" : 0,
        "bw_bytes" : 0,
        "bw" : 0,
        "iops" : 0.000000,
        "runtime" : 0,
        "total_ios" : 0,
        "short_ios" : 0,
        "drop_ios" : 0,
        "slat_ns" : {
          "min" : 0,
          "max" : 0,
          "mean" : 0.000000,
          "stddev" : 0.000000,
          "N" : 0
        },
        "clat_ns" : {
          "min" : 0,
          "max" : 0,
          "mean" : 0.000000,
          "stddev" : 0.000000,
          "N" : 0
        },
        "lat_ns" : {
          "min" : 0,
          "max" : 0,
          "mean" : 0.000000,
          "stddev" : 0.000000,
          "N" : 0
        },
        "bw_min" : 0,
        "bw_max" : 0,
        "bw_agg" : 0.000000,
        "bw_mean" : 0.000000,
        "bw_dev" : 0.000000,
        "bw_samples" : 0,
        "iops_min" : 0,
        "iops_max" : 0,
        "iops_mean" : 0.000000,
        "iops_stddev" : 0.000000,
        "iops_samples" : 0
      },
      "sync" : {
        "total_ios" : 0,
        "lat_ns" : {
          "min" : 0,
          "max" : 0,
          "mean" : 0.000000,
          "stddev" : 0.000000,
          "N" : 0
        }
      },
      "job_runtime" : 960379,
      "usr_cpu" : 0.013224,
      "sys_cpu" : 0.376206,
      "ctx" : 10274,
      "majf" : 0,
      "minf" : 8548,
      "iodepth_level" : {
        "1" : 100.000000,
        "2" : 0.000000,
        "4" : 0.000000,
        "8" : 0.000000,
        "16" : 0.000000,
        "32" : 0.000000,
        ">=64" : 0.000000
      },
      "iodepth_submit" : {
        "0" : 0.000000,
        "4" : 100.000000,
        "8" : 0.000000,
        "16" : 0.000000,
        "32" : 0.000000,
        "64" : 0.000000,
        ">=64" : 0.000000
      },
      "iodepth_complete" : {
        "0" : 0.000000,
        "4" : 100.000000,
        "8" : 0.000000,
        "16" : 0.000000,
        "32" : 0.000000,
        "64" : 0.000000,
        ">=64" : 0.000000
      },
      "latency_ns" : {
        "2" : 0.000000,
        "4" : 0.000000,
        "10" : 0.000000,
        "20" : 0.000000,
        "50" : 0.000000,
        "100" : 0.000000,
        "250" : 0.000000,
        "500" : 0.000000,
        "750" : 0.000000,
        "1000" : 0.000000
      },
      "latency_us" : {
        "2" : 0.000000,
        "4" : 0.000000,
        "10" : 0.000000,
        "20" : 0.000000,
        "50" : 0.000000,
        "100" : 0.000000,
        "250" : 40.648620,
        "500" : 4.540338,
        "750" : 0.391316,
        "1000" : 0.123291
      },
      "latency_ms" : {
        "2" : 0.192978,
        "4" : 2.192442,
        "10" : 5.489145,
        "20" : 2.712410,
        "50" : 19.019030,
        "100" : 16.419191,
        "250" : 4.116859,
        "500" : 2.723131,
        "750" : 0.707585,
        "1000" : 0.230501,
        "2000" : 0.369874,
        ">=2000" : 0.123291
      },
      "latency_depth" : 1,
      "latency_target" : 0,
      "latency_percentile" : 100.000000,
      "latency_window" : 0
    }
  ]
}
