{
  "fio version" : "fio-3.38",
  "timestamp" : 1731024311,
  "timestamp_ms" : 1731024311195,
  "time" : "Fri Nov  8 13:05:11 2024",
  "jobs" : [
    {
      "jobname" : "gpfs_test",
      "groupid" : 0,
      "job_start" : 1731024250993,
      "error" : 0,
      "eta" : 0,
      "elapsed" : 61,
      "job options" : {
        "name" : "gpfs_test",
        "directory" : "/nesi/nobackup/nesi99999/Dinindu/IO-CUSTOM/GPFS_Client/testdir",
        "size" : "10G",
        "runtime" : "60",
        "ioengine" : "psync",
        "direct" : "1",
        "verify" : "0",
        "bs" : "1M",
        "rw" : "randrw",
        "numjobs" : "1",
        "filename_format" : "f.$jobnum.dat"
      },
      "read" : {
        "io_bytes" : 416284672,
        "io_kbytes" : 406528,
        "bw_bytes" : 6934610,
        "bw" : 6772,
        "iops" : 6.613360,
        "runtime" : 60030,
        "total_ios" : 397,
        "short_ios" : 0,
        "drop_ios" : 0,
        "slat_ns" : {
          "min" : 0,
          "max" : 0,
          "mean" : 0.000000,
          "stddev" : 0.000000,
          "N" : 0
        },
        "clat_ns" : {
          "min" : 35467,
          "max" : 233195449,
          "mean" : 11590959.277078,
          "stddev" : 29880440.605526,
          "N" : 397,
          "percentile" : {
            "1.000000" : 37120,
            "5.000000" : 45824,
            "10.000000" : 54528,
            "20.000000" : 89600,
            "30.000000" : 276480,
            "40.000000" : 489472,
            "50.000000" : 716800,
            "60.000000" : 1056768,
            "70.000000" : 2146304,
            "80.000000" : 19791872,
            "90.000000" : 29753344,
            "95.000000" : 50593792,
            "99.000000" : 214958080,
            "99.500000" : 227540992,
            "99.900000" : 233832448,
            "99.950000" : 233832448,
            "99.990000" : 233832448
          }
        },
        "lat_ns" : {
          "min" : 35517,
          "max" : 233196852,
          "mean" : 11591958.596977,
          "stddev" : 29880517.209974,
          "N" : 397
        },
        "bw_min" : 2048,
        "bw_max" : 26624,
        "bw_agg" : 100.000000,
        "bw_mean" : 7951.058824,
        "bw_dev" : 5553.199778,
        "bw_samples" : 102,
        "iops_min" : 2,
        "iops_max" : 26,
        "iops_mean" : 7.764706,
        "iops_stddev" : 5.423047,
        "iops_samples" : 102
      },
      "write" : {
        "io_bytes" : 437256192,
        "io_kbytes" : 427008,
        "bw_bytes" : 7283961,
        "bw" : 7113,
        "iops" : 6.946527,
        "runtime" : 60030,
        "total_ios" : 417,
        "short_ios" : 0,
        "drop_ios" : 0,
        "slat_ns" : {
          "min" : 0,
          "max" : 0,
          "mean" : 0.000000,
          "stddev" : 0.000000,
          "N" : 0
        },
        "clat_ns" : {
          "min" : 30090619,
          "max" : 2273709807,
          "mean" : 132855968.275779,
          "stddev" : 141223113.977858,
          "N" : 417,
          "percentile" : {
            "1.000000" : 35913728,
            "5.000000" : 43778048,
            "10.000000" : 50593792,
            "20.000000" : 63176704,
            "30.000000" : 70778880,
            "40.000000" : 80216064,
            "50.000000" : 93847552,
            "60.000000" : 116916224,
            "70.000000" : 137363456,
            "80.000000" : 177209344,
            "90.000000" : 248512512,
            "95.000000" : 341835776,
            "99.000000" : 484442112,
            "99.500000" : 583008256,
            "99.900000" : 2264924160,
            "99.950000" : 2264924160,
            "99.990000" : 2264924160
          }
        },
        "lat_ns" : {
          "min" : 30172132,
          "max" : 2273716339,
          "mean" : 132899456.798561,
          "stddev" : 141219625.628295,
          "N" : 417
        },
        "bw_min" : 2048,
        "bw_max" : 14336,
        "bw_agg" : 100.000000,
        "bw_mean" : 7299.282051,
        "bw_dev" : 3447.835528,
        "bw_samples" : 117,
        "iops_min" : 2,
        "iops_max" : 14,
        "iops_mean" : 7.128205,
        "iops_stddev" : 3.367027,
        "iops_samples" : 117
      },
      "trim" : {
        "io_bytes" : 0,
        "io_kbytes" : 0,
        "bw_bytes" : 0,
        "bw" : 0,
        "iops" : 0.000000,
        "runtime" : 0,
        "total_ios" : 0,
        "short_ios" : 0,
        "drop_ios" : 0,
        "slat_ns" : {
          "min" : 0,
          "max" : 0,
          "mean" : 0.000000,
          "stddev" : 0.000000,
          "N" : 0
        },
        "clat_ns" : {
          "min" : 0,
          "max" : 0,
          "mean" : 0.000000,
          "stddev" : 0.000000,
          "N" : 0
        },
        "lat_ns" : {
          "min" : 0,
          "max" : 0,
          "mean" : 0.000000,
          "stddev" : 0.000000,
          "N" : 0
        },
        "bw_min" : 0,
        "bw_max" : 0,
        "bw_agg" : 0.000000,
        "bw_mean" : 0.000000,
        "bw_dev" : 0.000000,
        "bw_samples" : 0,
        "iops_min" : 0,
        "iops_max" : 0,
        "iops_mean" : 0.000000,
        "iops_stddev" : 0.000000,
        "iops_samples" : 0
      },
      "sync" : {
        "total_ios" : 0,
        "lat_ns" : {
          "min" : 0,
          "max" : 0,
          "mean" : 0.000000,
          "stddev" : 0.000000,
          "N" : 0
        }
      },
      "job_runtime" : 60029,
      "usr_cpu" : 0.054973,
      "sys_cpu" : 0.341502,
      "ctx" : 1490,
      "majf" : 0,
      "minf" : 18,
      "iodepth_level" : {
        "1" : 100.000000,
        "2" : 0.000000,
        "4" : 0.000000,
        "8" : 0.000000,
        "16" : 0.000000,
        "32" : 0.000000,
        ">=64" : 0.000000
      },
      "iodepth_submit" : {
        "0" : 0.000000,
        "4" : 100.000000,
        "8" : 0.000000,
        "16" : 0.000000,
        "32" : 0.000000,
        "64" : 0.000000,
        ">=64" : 0.000000
      },
      "iodepth_complete" : {
        "0" : 0.000000,
        "4" : 100.000000,
        "8" : 0.000000,
        "16" : 0.000000,
        "32" : 0.000000,
        "64" : 0.000000,
        ">=64" : 0.000000
      },
      "latency_ns" : {
        "2" : 0.000000,
        "4" : 0.000000,
        "10" : 0.000000,
        "20" : 0.000000,
        "50" : 0.000000,
        "100" : 0.000000,
        "250" : 0.000000,
        "500" : 0.000000,
        "750" : 0.000000,
        "1000" : 0.000000
      },
      "latency_us" : {
        "2" : 0.000000,
        "4" : 0.000000,
        "10" : 0.000000,
        "20" : 0.000000,
        "50" : 3.931204,
        "100" : 6.879607,
        "250" : 3.439803,
        "500" : 5.773956,
        "750" : 4.668305,
        "1000" : 3.439803
      },
      "latency_ms" : {
        "2" : 5.405405,
        "4" : 1.719902,
        "10" : 0.245700,
        "20" : 3.562654,
        "50" : 12.039312,
        "100" : 24.201474,
        "250" : 19.778870,
        "500" : 4.422604,
        "750" : 0.368550,
        "1000" : 0.000000,
        "2000" : 0.000000,
        ">=2000" : 0.122850
      },
      "latency_depth" : 1,
      "latency_target" : 0,
      "latency_percentile" : 100.000000,
      "latency_window" : 0
    }
  ]
}
