{
  "fio version" : "fio-3.38",
  "timestamp" : 1731025245,
  "timestamp_ms" : 1731025245579,
  "time" : "Fri Nov  8 13:20:45 2024",
  "jobs" : [
    {
      "jobname" : "gpfs_test",
      "groupid" : 0,
      "job_start" : 1731025184439,
      "error" : 0,
      "eta" : 0,
      "elapsed" : 62,
      "job options" : {
        "name" : "gpfs_test",
        "directory" : "/nesi/nobackup/nesi99999/Dinindu/IO-CUSTOM/GPFS_Client/testdir",
        "size" : "10G",
        "runtime" : "60",
        "ioengine" : "psync",
        "direct" : "1",
        "verify" : "0",
        "bs" : "16M",
        "rw" : "randrw",
        "numjobs" : "16",
        "filename_format" : "f.$jobnum.dat"
      },
      "read" : {
        "io_bytes" : 30551310336,
        "io_kbytes" : 29835264,
        "bw_bytes" : 501276688,
        "bw" : 489528,
        "iops" : 29.878419,
        "runtime" : 60947,
        "total_ios" : 1821,
        "short_ios" : 0,
        "drop_ios" : 0,
        "slat_ns" : {
          "min" : 0,
          "max" : 0,
          "mean" : 0.000000,
          "stddev" : 0.000000,
          "N" : 0
        },
        "clat_ns" : {
          "min" : 454955,
          "max" : 6239500874,
          "mean" : 198791132.386601,
          "stddev" : 636791468.732403,
          "N" : 1821,
          "percentile" : {
            "1.000000" : 921600,
            "5.000000" : 1351680,
            "10.000000" : 2146304,
            "20.000000" : 4423680,
            "30.000000" : 6914048,
            "40.000000" : 43253760,
            "50.000000" : 68681728,
            "60.000000" : 85458944,
            "70.000000" : 102236160,
            "80.000000" : 135266304,
            "90.000000" : 287309824,
            "95.000000" : 583008256,
            "99.000000" : 3942645760,
            "99.500000" : 5469372416,
            "99.900000" : 6073352192,
            "99.950000" : 6207569920,
            "99.990000" : 6207569920
          }
        },
        "lat_ns" : {
          "min" : 455005,
          "max" : 6239502427,
          "mean" : 198792323.896760,
          "stddev" : 636791434.180066,
          "N" : 1821
        },
        "bw_min" : 524288,
        "bw_max" : 3506832,
        "bw_agg" : 100.000000,
        "bw_mean" : 1139105.754117,
        "bw_dev" : 45031.520716,
        "bw_samples" : 835,
        "iops_min" : 32,
        "iops_max" : 214,
        "iops_mean" : 69.524721,
        "iops_stddev" : 2.748403,
        "iops_samples" : 835
      },
      "write" : {
        "io_bytes" : 29947330560,
        "io_kbytes" : 29245440,
        "bw_bytes" : 491366770,
        "bw" : 479850,
        "iops" : 29.287742,
        "runtime" : 60947,
        "total_ios" : 1785,
        "short_ios" : 0,
        "drop_ios" : 0,
        "slat_ns" : {
          "min" : 0,
          "max" : 0,
          "mean" : 0.000000,
          "stddev" : 0.000000,
          "N" : 0
        },
        "clat_ns" : {
          "min" : 48646851,
          "max" : 6329120705,
          "mean" : 341526839.164706,
          "stddev" : 667340608.870529,
          "N" : 1785,
          "percentile" : {
            "1.000000" : 67633152,
            "5.000000" : 83361792,
            "10.000000" : 96993280,
            "20.000000" : 114819072,
            "30.000000" : 135266304,
            "40.000000" : 152043520,
            "50.000000" : 177209344,
            "60.000000" : 204472320,
            "70.000000" : 242221056,
            "80.000000" : 299892736,
            "90.000000" : 463470592,
            "95.000000" : 1283457024,
            "99.000000" : 3841982464,
            "99.500000" : 5737807872,
            "99.900000" : 6274678784,
            "99.950000" : 6341787648,
            "99.990000" : 6341787648
          }
        },
        "lat_ns" : {
          "min" : 49011256,
          "max" : 6329721213,
          "mean" : 342529451.321569,
          "stddev" : 667306561.339924,
          "N" : 1785
        },
        "bw_min" : 524288,
        "bw_max" : 2031616,
        "bw_agg" : 100.000000,
        "bw_mean" : 922807.278989,
        "bw_dev" : 26167.219751,
        "bw_samples" : 1008,
        "iops_min" : 32,
        "iops_max" : 124,
        "iops_mean" : 56.323488,
        "iops_stddev" : 1.597131,
        "iops_samples" : 1008
      },
      "trim" : {
        "io_bytes" : 0,
        "io_kbytes" : 0,
        "bw_bytes" : 0,
        "bw" : 0,
        "iops" : 0.000000,
        "runtime" : 0,
        "total_ios" : 0,
        "short_ios" : 0,
        "drop_ios" : 0,
        "slat_ns" : {
          "min" : 0,
          "max" : 0,
          "mean" : 0.000000,
          "stddev" : 0.000000,
          "N" : 0
        },
        "clat_ns" : {
          "min" : 0,
          "max" : 0,
          "mean" : 0.000000,
          "stddev" : 0.000000,
          "N" : 0
        },
        "lat_ns" : {
          "min" : 0,
          "max" : 0,
          "mean" : 0.000000,
          "stddev" : 0.000000,
          "N" : 0
        },
        "bw_min" : 0,
        "bw_max" : 0,
        "bw_agg" : 0.000000,
        "bw_mean" : 0.000000,
        "bw_dev" : 0.000000,
        "bw_samples" : 0,
        "iops_min" : 0,
        "iops_max" : 0,
        "iops_mean" : 0.000000,
        "iops_stddev" : 0.000000,
        "iops_samples" : 0
      },
      "sync" : {
        "total_ios" : 0,
        "lat_ns" : {
          "min" : 0,
          "max" : 0,
          "mean" : 0.000000,
          "stddev" : 0.000000,
          "N" : 0
        }
      },
      "job_runtime" : 973473,
      "usr_cpu" : 0.187781,
      "sys_cpu" : 0.762528,
      "ctx" : 4572,
      "majf" : 0,
      "minf" : 274,
      "iodepth_level" : {
        "1" : 100.000000,
        "2" : 0.000000,
        "4" : 0.000000,
        "8" : 0.000000,
        "16" : 0.000000,
        "32" : 0.000000,
        ">=64" : 0.000000
      },
      "iodepth_submit" : {
        "0" : 0.000000,
        "4" : 100.000000,
        "8" : 0.000000,
        "16" : 0.000000,
        "32" : 0.000000,
        "64" : 0.000000,
        ">=64" : 0.000000
      },
      "iodepth_complete" : {
        "0" : 0.000000,
        "4" : 100.000000,
        "8" : 0.000000,
        "16" : 0.000000,
        "32" : 0.000000,
        "64" : 0.000000,
        ">=64" : 0.000000
      },
      "latency_ns" : {
        "2" : 0.000000,
        "4" : 0.000000,
        "10" : 0.000000,
        "20" : 0.000000,
        "50" : 0.000000,
        "100" : 0.000000,
        "250" : 0.000000,
        "500" : 0.000000,
        "750" : 0.000000,
        "1000" : 0.000000
      },
      "latency_us" : {
        "2" : 0.000000,
        "4" : 0.000000,
        "10" : 0.000000,
        "20" : 0.000000,
        "50" : 0.000000,
        "100" : 0.000000,
        "250" : 0.000000,
        "500" : 0.027732,
        "750" : 0.305047,
        "1000" : 0.499168
      },
      "latency_ms" : {
        "2" : 3.910150,
        "4" : 4.520244,
        "10" : 7.737105,
        "20" : 0.721021,
        "50" : 3.910150,
        "100" : 18.774265,
        "250" : 39.656129,
        "500" : 12.562396,
        "750" : 1.858014,
        "1000" : 0.637826,
        "2000" : 2.329451,
        ">=2000" : 2.551303
      },
      "latency_depth" : 1,
      "latency_target" : 0,
      "latency_percentile" : 100.000000,
      "latency_window" : 0
    }
  ]
}
