{
  "fio version" : "fio-3.38",
  "timestamp" : 1731024809,
  "timestamp_ms" : 1731024809336,
  "time" : "Fri Nov  8 13:13:29 2024",
  "jobs" : [
    {
      "jobname" : "gpfs_test",
      "groupid" : 0,
      "job_start" : 1731024749151,
      "error" : 0,
      "eta" : 0,
      "elapsed" : 61,
      "job options" : {
        "name" : "gpfs_test",
        "directory" : "/nesi/nobackup/nesi99999/Dinindu/IO-CUSTOM/GPFS_Client/testdir",
        "size" : "10G",
        "runtime" : "60",
        "ioengine" : "psync",
        "direct" : "1",
        "verify" : "0",
        "bs" : "8M",
        "rw" : "randrw",
        "numjobs" : "1",
        "filename_format" : "f.$jobnum.dat"
      },
      "read" : {
        "io_bytes" : 1442840576,
        "io_kbytes" : 1409024,
        "bw_bytes" : 24019720,
        "bw" : 23456,
        "iops" : 2.863374,
        "runtime" : 60069,
        "total_ios" : 172,
        "short_ios" : 0,
        "drop_ios" : 0,
        "slat_ns" : {
          "min" : 0,
          "max" : 0,
          "mean" : 0.000000,
          "stddev" : 0.000000,
          "N" : 0
        },
        "clat_ns" : {
          "min" : 235673,
          "max" : 3000120699,
          "mean" : 95613390.709302,
          "stddev" : 303697468.934513,
          "N" : 172,
          "percentile" : {
            "1.000000" : 350208,
            "5.000000" : 509952,
            "10.000000" : 700416,
            "20.000000" : 1318912,
            "30.000000" : 2572288,
            "40.000000" : 3457024,
            "50.000000" : 30015488,
            "60.000000" : 41156608,
            "70.000000" : 52690944,
            "80.000000" : 71827456,
            "90.000000" : 196083712,
            "95.000000" : 354418688,
            "99.000000" : 1786773504,
            "99.500000" : 3003121664,
            "99.900000" : 3003121664,
            "99.950000" : 3003121664,
            "99.990000" : 3003121664
          }
        },
        "lat_ns" : {
          "min" : 235793,
          "max" : 3000121070,
          "mean" : 95614451.819767,
          "stddev" : 303697449.942578,
          "N" : 172
        },
        "bw_min" : 16384,
        "bw_max" : 163840,
        "bw_agg" : 100.000000,
        "bw_mean" : 45452.387097,
        "bw_dev" : 27737.915330,
        "bw_samples" : 62,
        "iops_min" : 2,
        "iops_max" : 20,
        "iops_mean" : 5.548387,
        "iops_stddev" : 3.385976,
        "iops_samples" : 62
      },
      "write" : {
        "io_bytes" : 1518338048,
        "io_kbytes" : 1482752,
        "bw_bytes" : 25276566,
        "bw" : 24684,
        "iops" : 3.013201,
        "runtime" : 60069,
        "total_ios" : 181,
        "short_ios" : 0,
        "drop_ios" : 0,
        "slat_ns" : {
          "min" : 0,
          "max" : 0,
          "mean" : 0.000000,
          "stddev" : 0.000000,
          "N" : 0
        },
        "clat_ns" : {
          "min" : 34507797,
          "max" : 10800404430,
          "mean" : 240622545.508287,
          "stddev" : 848837449.443091,
          "N" : 181,
          "percentile" : {
            "1.000000" : 34865152,
            "5.000000" : 40632320,
            "10.000000" : 46399488,
            "20.000000" : 58982400,
            "30.000000" : 72876032,
            "40.000000" : 89653248,
            "50.000000" : 102236160,
            "60.000000" : 131596288,
            "70.000000" : 166723584,
            "80.000000" : 214958080,
            "90.000000" : 287309824,
            "95.000000" : 387973120,
            "99.000000" : 2768240640,
            "99.500000" : 10804527104,
            "99.900000" : 10804527104,
            "99.950000" : 10804527104,
            "99.990000" : 10804527104
          }
        },
        "lat_ns" : {
          "min" : 34888813,
          "max" : 10800597634,
          "mean" : 240987872.303867,
          "stddev" : 848830201.872255,
          "N" : 181
        },
        "bw_min" : 16384,
        "bw_max" : 98304,
        "bw_agg" : 100.000000,
        "bw_mean" : 40960.000000,
        "bw_dev" : 21998.635799,
        "bw_samples" : 72,
        "iops_min" : 2,
        "iops_max" : 12,
        "iops_mean" : 5.000000,
        "iops_stddev" : 2.685380,
        "iops_samples" : 72
      },
      "trim" : {
        "io_bytes" : 0,
        "io_kbytes" : 0,
        "bw_bytes" : 0,
        "bw" : 0,
        "iops" : 0.000000,
        "runtime" : 0,
        "total_ios" : 0,
        "short_ios" : 0,
        "drop_ios" : 0,
        "slat_ns" : {
          "min" : 0,
          "max" : 0,
          "mean" : 0.000000,
          "stddev" : 0.000000,
          "N" : 0
        },
        "clat_ns" : {
          "min" : 0,
          "max" : 0,
          "mean" : 0.000000,
          "stddev" : 0.000000,
          "N" : 0
        },
        "lat_ns" : {
          "min" : 0,
          "max" : 0,
          "mean" : 0.000000,
          "stddev" : 0.000000,
          "N" : 0
        },
        "bw_min" : 0,
        "bw_max" : 0,
        "bw_agg" : 0.000000,
        "bw_mean" : 0.000000,
        "bw_dev" : 0.000000,
        "bw_samples" : 0,
        "iops_min" : 0,
        "iops_max" : 0,
        "iops_mean" : 0.000000,
        "iops_stddev" : 0.000000,
        "iops_samples" : 0
      },
      "sync" : {
        "total_ios" : 0,
        "lat_ns" : {
          "min" : 0,
          "max" : 0,
          "mean" : 0.000000,
          "stddev" : 0.000000,
          "N" : 0
        }
      },
      "job_runtime" : 60068,
      "usr_cpu" : 0.118199,
      "sys_cpu" : 0.341280,
      "ctx" : 302,
      "majf" : 0,
      "minf" : 18,
      "iodepth_level" : {
        "1" : 100.000000,
        "2" : 0.000000,
        "4" : 0.000000,
        "8" : 0.000000,
        "16" : 0.000000,
        "32" : 0.000000,
        ">=64" : 0.000000
      },
      "iodepth_submit" : {
        "0" : 0.000000,
        "4" : 100.000000,
        "8" : 0.000000,
        "16" : 0.000000,
        "32" : 0.000000,
        "64" : 0.000000,
        ">=64" : 0.000000
      },
      "iodepth_complete" : {
        "0" : 0.000000,
        "4" : 100.000000,
        "8" : 0.000000,
        "16" : 0.000000,
        "32" : 0.000000,
        "64" : 0.000000,
        ">=64" : 0.000000
      },
      "latency_ns" : {
        "2" : 0.000000,
        "4" : 0.000000,
        "10" : 0.000000,
        "20" : 0.000000,
        "50" : 0.000000,
        "100" : 0.000000,
        "250" : 0.000000,
        "500" : 0.000000,
        "750" : 0.000000,
        "1000" : 0.000000
      },
      "latency_us" : {
        "2" : 0.000000,
        "4" : 0.000000,
        "10" : 0.000000,
        "20" : 0.000000,
        "50" : 0.000000,
        "100" : 0.000000,
        "250" : 0.283286,
        "500" : 1.983003,
        "750" : 3.966006,
        "1000" : 3.116147
      },
      "latency_ms" : {
        "2" : 2.832861,
        "4" : 8.215297,
        "10" : 3.399433,
        "20" : 0.000000,
        "50" : 16.430595,
        "100" : 24.929178,
        "250" : 22.946176,
        "500" : 7.932011,
        "750" : 1.416431,
        "1000" : 0.000000,
        "2000" : 1.699717,
        ">=2000" : 0.849858
      },
      "latency_depth" : 1,
      "latency_target" : 0,
      "latency_percentile" : 100.000000,
      "latency_window" : 0
    }
  ]
}
