{
  "fio version" : "fio-3.38",
  "timestamp" : 1731024497,
  "timestamp_ms" : 1731024497023,
  "time" : "Fri Nov  8 13:08:17 2024",
  "jobs" : [
    {
      "jobname" : "gpfs_test",
      "groupid" : 0,
      "job_start" : 1731024433789,
      "error" : 0,
      "eta" : 0,
      "elapsed" : 64,
      "job options" : {
        "name" : "gpfs_test",
        "directory" : "/nesi/nobackup/nesi99999/Dinindu/IO-CUSTOM/GPFS_Client/testdir",
        "size" : "10G",
        "runtime" : "60",
        "ioengine" : "psync",
        "direct" : "1",
        "verify" : "0",
        "bs" : "1M",
        "rw" : "randrw",
        "numjobs" : "16",
        "filename_format" : "f.$jobnum.dat"
      },
      "read" : {
        "io_bytes" : 4221566976,
        "io_kbytes" : 4122624,
        "bw_bytes" : 66828668,
        "bw" : 65262,
        "iops" : 63.732785,
        "runtime" : 63170,
        "total_ios" : 4026,
        "short_ios" : 0,
        "drop_ios" : 0,
        "slat_ns" : {
          "min" : 0,
          "max" : 0,
          "mean" : 0.000000,
          "stddev" : 0.000000,
          "N" : 0
        },
        "clat_ns" : {
          "min" : 38422,
          "max" : 5768119377,
          "mean" : 33201055.659463,
          "stddev" : 205897278.536330,
          "N" : 4026,
          "percentile" : {
            "1.000000" : 44800,
            "5.000000" : 60672,
            "10.000000" : 100864,
            "20.000000" : 218112,
            "30.000000" : 464896,
            "40.000000" : 765952,
            "50.000000" : 1548288,
            "60.000000" : 16908288,
            "70.000000" : 20840448,
            "80.000000" : 26083328,
            "90.000000" : 40632320,
            "95.000000" : 63176704,
            "99.000000" : 295698432,
            "99.500000" : 1518338048,
            "99.900000" : 2936012800,
            "99.950000" : 3741319168,
            "99.990000" : 5737807872
          }
        },
        "lat_ns" : {
          "min" : 38472,
          "max" : 5768120148,
          "mean" : 33201786.946846,
          "stddev" : 205897280.983530,
          "N" : 4026
        },
        "bw_min" : 32768,
        "bw_max" : 403456,
        "bw_agg" : 100.000000,
        "bw_mean" : 114212.009830,
        "bw_dev" : 5093.944333,
        "bw_samples" : 1155,
        "iops_min" : 32,
        "iops_max" : 394,
        "iops_mean" : 111.533585,
        "iops_stddev" : 4.974501,
        "iops_samples" : 1155
      },
      "write" : {
        "io_bytes" : 4223664128,
        "io_kbytes" : 4124672,
        "bw_bytes" : 66861866,
        "bw" : 65294,
        "iops" : 63.764445,
        "runtime" : 63170,
        "total_ios" : 4028,
        "short_ios" : 0,
        "drop_ios" : 0,
        "slat_ns" : {
          "min" : 0,
          "max" : 0,
          "mean" : 0.000000,
          "stddev" : 0.000000,
          "N" : 0
        },
        "clat_ns" : {
          "min" : 29847428,
          "max" : 6557061858,
          "mean" : 209961552.322493,
          "stddev" : 417811164.657000,
          "N" : 4028,
          "percentile" : {
            "1.000000" : 35913728,
            "5.000000" : 46399488,
            "10.000000" : 55836672,
            "20.000000" : 70778880,
            "30.000000" : 83361792,
            "40.000000" : 95944704,
            "50.000000" : 108527616,
            "60.000000" : 127401984,
            "70.000000" : 154140672,
            "80.000000" : 206569472,
            "90.000000" : 371195904,
            "95.000000" : 658505728,
            "99.000000" : 1904214016,
            "99.500000" : 3238002688,
            "99.900000" : 5670699008,
            "99.950000" : 6341787648,
            "99.990000" : 6543114240
          }
        },
        "lat_ns" : {
          "min" : 29887714,
          "max" : 6557079771,
          "mean" : 210008435.425521,
          "stddev" : 417812210.558773,
          "N" : 4028
        },
        "bw_min" : 32768,
        "bw_max" : 208896,
        "bw_agg" : 100.000000,
        "bw_mean" : 95108.460077,
        "bw_dev" : 3082.014044,
        "bw_samples" : 1382,
        "iops_min" : 32,
        "iops_max" : 204,
        "iops_mean" : 92.877986,
        "iops_stddev" : 3.009692,
        "iops_samples" : 1382
      },
      "trim" : {
        "io_bytes" : 0,
        "io_kbytes" : 0,
        "bw_bytes" : 0,
        "bw" : 0,
        "iops" : 0.000000,
        "runtime" : 0,
        "total_ios" : 0,
        "short_ios" : 0,
        "drop_ios" : 0,
        "slat_ns" : {
          "min" : 0,
          "max" : 0,
          "mean" : 0.000000,
          "stddev" : 0.000000,
          "N" : 0
        },
        "clat_ns" : {
          "min" : 0,
          "max" : 0,
          "mean" : 0.000000,
          "stddev" : 0.000000,
          "N" : 0
        },
        "lat_ns" : {
          "min" : 0,
          "max" : 0,
          "mean" : 0.000000,
          "stddev" : 0.000000,
          "N" : 0
        },
        "bw_min" : 0,
        "bw_max" : 0,
        "bw_agg" : 0.000000,
        "bw_mean" : 0.000000,
        "bw_dev" : 0.000000,
        "bw_samples" : 0,
        "iops_min" : 0,
        "iops_max" : 0,
        "iops_mean" : 0.000000,
        "iops_stddev" : 0.000000,
        "iops_samples" : 0
      },
      "sync" : {
        "total_ios" : 0,
        "lat_ns" : {
          "min" : 0,
          "max" : 0,
          "mean" : 0.000000,
          "stddev" : 0.000000,
          "N" : 0
        }
      },
      "job_runtime" : 979656,
      "usr_cpu" : 0.030725,
      "sys_cpu" : 0.190169,
      "ctx" : 13830,
      "majf" : 0,
      "minf" : 283,
      "iodepth_level" : {
        "1" : 100.000000,
        "2" : 0.000000,
        "4" : 0.000000,
        "8" : 0.000000,
        "16" : 0.000000,
        "32" : 0.000000,
        ">=64" : 0.000000
      },
      "iodepth_submit" : {
        "0" : 0.000000,
        "4" : 100.000000,
        "8" : 0.000000,
        "16" : 0.000000,
        "32" : 0.000000,
        "64" : 0.000000,
        ">=64" : 0.000000
      },
      "iodepth_complete" : {
        "0" : 0.000000,
        "4" : 100.000000,
        "8" : 0.000000,
        "16" : 0.000000,
        "32" : 0.000000,
        "64" : 0.000000,
        ">=64" : 0.000000
      },
      "latency_ns" : {
        "2" : 0.000000,
        "4" : 0.000000,
        "10" : 0.000000,
        "20" : 0.000000,
        "50" : 0.000000,
        "100" : 0.000000,
        "250" : 0.000000,
        "500" : 0.000000,
        "750" : 0.000000,
        "1000" : 0.000000
      },
      "latency_us" : {
        "2" : 0.000000,
        "4" : 0.000000,
        "10" : 0.000000,
        "20" : 0.000000,
        "50" : 0.993295,
        "100" : 3.935932,
        "250" : 5.997020,
        "500" : 4.954060,
        "750" : 3.948349,
        "1000" : 2.570151
      },
      "latency_ms" : {
        "2" : 3.203377,
        "4" : 0.397318,
        "10" : 0.297989,
        "20" : 7.586293,
        "50" : 15.830643,
        "100" : 20.660541,
        "250" : 21.293767,
        "500" : 4.358083,
        "750" : 1.340949,
        "1000" : 0.794636,
        "2000" : 1.266451,
        ">=2000" : 0.571145
      },
      "latency_depth" : 1,
      "latency_target" : 0,
      "latency_percentile" : 100.000000,
      "latency_window" : 0
    }
  ]
}
