{
  "fio version" : "fio-3.38",
  "timestamp" : 1731023269,
  "timestamp_ms" : 1731023269798,
  "time" : "Fri Nov  8 12:47:49 2024",
  "jobs" : [
    {
      "jobname" : "gpfs_test",
      "groupid" : 0,
      "job_start" : 1731023208895,
      "error" : 0,
      "eta" : 0,
      "elapsed" : 62,
      "job options" : {
        "name" : "gpfs_test",
        "directory" : "/nesi/nobackup/nesi99999/Dinindu/IO-CUSTOM/GPFS_Client/testdir",
        "size" : "10G",
        "runtime" : "60",
        "ioengine" : "psync",
        "direct" : "1",
        "verify" : "0",
        "bs" : "16M",
        "rw" : "write",
        "numjobs" : "16",
        "filename_format" : "f.$jobnum.dat"
      },
      "read" : {
        "io_bytes" : 0,
        "io_kbytes" : 0,
        "bw_bytes" : 0,
        "bw" : 0,
        "iops" : 0.000000,
        "runtime" : 0,
        "total_ios" : 0,
        "short_ios" : 0,
        "drop_ios" : 0,
        "slat_ns" : {
          "min" : 0,
          "max" : 0,
          "mean" : 0.000000,
          "stddev" : 0.000000,
          "N" : 0
        },
        "clat_ns" : {
          "min" : 0,
          "max" : 0,
          "mean" : 0.000000,
          "stddev" : 0.000000,
          "N" : 0
        },
        "lat_ns" : {
          "min" : 0,
          "max" : 0,
          "mean" : 0.000000,
          "stddev" : 0.000000,
          "N" : 0
        },
        "bw_min" : 0,
        "bw_max" : 0,
        "bw_agg" : 0.000000,
        "bw_mean" : 0.000000,
        "bw_dev" : 0.000000,
        "bw_samples" : 0,
        "iops_min" : 0,
        "iops_max" : 0,
        "iops_mean" : 0.000000,
        "iops_stddev" : 0.000000,
        "iops_samples" : 0
      },
      "write" : {
        "io_bytes" : 70296535040,
        "io_kbytes" : 68648960,
        "bw_bytes" : 1159396606,
        "bw" : 1132223,
        "iops" : 69.105423,
        "runtime" : 60632,
        "total_ios" : 4190,
        "short_ios" : 0,
        "drop_ios" : 0,
        "slat_ns" : {
          "min" : 0,
          "max" : 0,
          "mean" : 0.000000,
          "stddev" : 0.000000,
          "N" : 0
        },
        "clat_ns" : {
          "min" : 43461986,
          "max" : 2501352739,
          "mean" : 228659516.431265,
          "stddev" : 248488606.930818,
          "N" : 4190,
          "percentile" : {
            "1.000000" : 62128128,
            "5.000000" : 81264640,
            "10.000000" : 96993280,
            "20.000000" : 117964800,
            "30.000000" : 137363456,
            "40.000000" : 152043520,
            "50.000000" : 170917888,
            "60.000000" : 193986560,
            "70.000000" : 223346688,
            "80.000000" : 263192576,
            "90.000000" : 346030080,
            "95.000000" : 455081984,
            "99.000000" : 1686110208,
            "99.500000" : 2055208960,
            "99.900000" : 2298478592,
            "99.950000" : 2432696320,
            "99.990000" : 2499805184
          }
        },
        "lat_ns" : {
          "min" : 44101839,
          "max" : 2503110262,
          "mean" : 230145871.804535,
          "stddev" : 248534844.896480,
          "N" : 4190
        },
        "bw_min" : 524156,
        "bw_max" : 2686976,
        "bw_agg" : 100.000000,
        "bw_mean" : 1300689.024824,
        "bw_dev" : 33086.062121,
        "bw_samples" : 1682,
        "iops_min" : 30,
        "iops_max" : 164,
        "iops_mean" : 78.744840,
        "iops_stddev" : 2.027334,
        "iops_samples" : 1682
      },
      "trim" : {
        "io_bytes" : 0,
        "io_kbytes" : 0,
        "bw_bytes" : 0,
        "bw" : 0,
        "iops" : 0.000000,
        "runtime" : 0,
        "total_ios" : 0,
        "short_ios" : 0,
        "drop_ios" : 0,
        "slat_ns" : {
          "min" : 0,
          "max" : 0,
          "mean" : 0.000000,
          "stddev" : 0.000000,
          "N" : 0
        },
        "clat_ns" : {
          "min" : 0,
          "max" : 0,
          "mean" : 0.000000,
          "stddev" : 0.000000,
          "N" : 0
        },
        "lat_ns" : {
          "min" : 0,
          "max" : 0,
          "mean" : 0.000000,
          "stddev" : 0.000000,
          "N" : 0
        },
        "bw_min" : 0,
        "bw_max" : 0,
        "bw_agg" : 0.000000,
        "bw_mean" : 0.000000,
        "bw_dev" : 0.000000,
        "bw_samples" : 0,
        "iops_min" : 0,
        "iops_max" : 0,
        "iops_mean" : 0.000000,
        "iops_stddev" : 0.000000,
        "iops_samples" : 0
      },
      "sync" : {
        "total_ios" : 0,
        "lat_ns" : {
          "min" : 0,
          "max" : 0,
          "mean" : 0.000000,
          "stddev" : 0.000000,
          "N" : 0
        }
      },
      "job_runtime" : 964395,
      "usr_cpu" : 0.637187,
      "sys_cpu" : 1.412077,
      "ctx" : 7289,
      "majf" : 0,
      "minf" : 2382,
      "iodepth_level" : {
        "1" : 100.000000,
        "2" : 0.000000,
        "4" : 0.000000,
        "8" : 0.000000,
        "16" : 0.000000,
        "32" : 0.000000,
        ">=64" : 0.000000
      },
      "iodepth_submit" : {
        "0" : 0.000000,
        "4" : 100.000000,
        "8" : 0.000000,
        "16" : 0.000000,
        "32" : 0.000000,
        "64" : 0.000000,
        ">=64" : 0.000000
      },
      "iodepth_complete" : {
        "0" : 0.000000,
        "4" : 100.000000,
        "8" : 0.000000,
        "16" : 0.000000,
        "32" : 0.000000,
        "64" : 0.000000,
        ">=64" : 0.000000
      },
      "latency_ns" : {
        "2" : 0.000000,
        "4" : 0.000000,
        "10" : 0.000000,
        "20" : 0.000000,
        "50" : 0.000000,
        "100" : 0.000000,
        "250" : 0.000000,
        "500" : 0.000000,
        "750" : 0.000000,
        "1000" : 0.000000
      },
      "latency_us" : {
        "2" : 0.000000,
        "4" : 0.000000,
        "10" : 0.000000,
        "20" : 0.000000,
        "50" : 0.000000,
        "100" : 0.000000,
        "250" : 0.000000,
        "500" : 0.000000,
        "750" : 0.000000,
        "1000" : 0.000000
      },
      "latency_ms" : {
        "2" : 0.000000,
        "4" : 0.000000,
        "10" : 0.000000,
        "20" : 0.000000,
        "50" : 0.119332,
        "100" : 11.241050,
        "250" : 65.966587,
        "500" : 18.377088,
        "750" : 1.455847,
        "1000" : 0.644391,
        "2000" : 1.622912,
        ">=2000" : 0.572792
      },
      "latency_depth" : 1,
      "latency_target" : 0,
      "latency_percentile" : 100.000000,
      "latency_window" : 0
    }
  ]
}
