{
  "fio version" : "fio-3.38",
  "timestamp" : 1731023757,
  "timestamp_ms" : 1731023757662,
  "time" : "Fri Nov  8 12:55:57 2024",
  "jobs" : [
    {
      "jobname" : "gpfs_test",
      "groupid" : 0,
      "job_start" : 1731023697279,
      "error" : 0,
      "eta" : 0,
      "elapsed" : 61,
      "job options" : {
        "name" : "gpfs_test",
        "directory" : "/nesi/nobackup/nesi99999/Dinindu/IO-CUSTOM/GPFS_Client/testdir",
        "size" : "10G",
        "runtime" : "60",
        "ioengine" : "psync",
        "direct" : "1",
        "verify" : "0",
        "bs" : "4M",
        "rw" : "read",
        "numjobs" : "16",
        "filename_format" : "f.$jobnum.dat"
      },
      "read" : {
        "io_bytes" : 66517467136,
        "io_kbytes" : 64958464,
        "bw_bytes" : 1104299280,
        "bw" : 1078417,
        "iops" : 263.285465,
        "runtime" : 60235,
        "total_ios" : 15859,
        "short_ios" : 0,
        "drop_ios" : 0,
        "slat_ns" : {
          "min" : 0,
          "max" : 0,
          "mean" : 0.000000,
          "stddev" : 0.000000,
          "N" : 0
        },
        "clat_ns" : {
          "min" : 109345,
          "max" : 1636433319,
          "mean" : 60561731.626584,
          "stddev" : 80362147.842570,
          "N" : 15859,
          "percentile" : {
            "1.000000" : 120320,
            "5.000000" : 132096,
            "10.000000" : 197632,
            "20.000000" : 23986176,
            "30.000000" : 28966912,
            "40.000000" : 33423360,
            "50.000000" : 38010880,
            "60.000000" : 44302336,
            "70.000000" : 53739520,
            "80.000000" : 70778880,
            "90.000000" : 133693440,
            "95.000000" : 219152384,
            "99.000000" : 417333248,
            "99.500000" : 497025024,
            "99.900000" : 734003200,
            "99.950000" : 775946240,
            "99.990000" : 901775360
          }
        },
        "lat_ns" : {
          "min" : 109405,
          "max" : 1636434661,
          "mean" : 60562918.467243,
          "stddev" : 80362314.628587,
          "N" : 15859
        },
        "bw_min" : 131072,
        "bw_max" : 15409152,
        "bw_agg" : 100.000000,
        "bw_mean" : 1090813.990648,
        "bw_dev" : 304585.986805,
        "bw_samples" : 1897,
        "iops_min" : 32,
        "iops_max" : 3762,
        "iops_mean" : 266.286595,
        "iops_stddev" : 74.361997,
        "iops_samples" : 1897
      },
      "write" : {
        "io_bytes" : 0,
        "io_kbytes" : 0,
        "bw_bytes" : 0,
        "bw" : 0,
        "iops" : 0.000000,
        "runtime" : 0,
        "total_ios" : 0,
        "short_ios" : 0,
        "drop_ios" : 0,
        "slat_ns" : {
          "min" : 0,
          "max" : 0,
          "mean" : 0.000000,
          "stddev" : 0.000000,
          "N" : 0
        },
        "clat_ns" : {
          "min" : 0,
          "max" : 0,
          "mean" : 0.000000,
          "stddev" : 0.000000,
          "N" : 0
        },
        "lat_ns" : {
          "min" : 0,
          "max" : 0,
          "mean" : 0.000000,
          "stddev" : 0.000000,
          "N" : 0
        },
        "bw_min" : 0,
        "bw_max" : 0,
        "bw_agg" : 0.000000,
        "bw_mean" : 0.000000,
        "bw_dev" : 0.000000,
        "bw_samples" : 0,
        "iops_min" : 0,
        "iops_max" : 0,
        "iops_mean" : 0.000000,
        "iops_stddev" : 0.000000,
        "iops_samples" : 0
      },
      "trim" : {
        "io_bytes" : 0,
        "io_kbytes" : 0,
        "bw_bytes" : 0,
        "bw" : 0,
        "iops" : 0.000000,
        "runtime" : 0,
        "total_ios" : 0,
        "short_ios" : 0,
        "drop_ios" : 0,
        "slat_ns" : {
          "min" : 0,
          "max" : 0,
          "mean" : 0.000000,
          "stddev" : 0.000000,
          "N" : 0
        },
        "clat_ns" : {
          "min" : 0,
          "max" : 0,
          "mean" : 0.000000,
          "stddev" : 0.000000,
          "N" : 0
        },
        "lat_ns" : {
          "min" : 0,
          "max" : 0,
          "mean" : 0.000000,
          "stddev" : 0.000000,
          "N" : 0
        },
        "bw_min" : 0,
        "bw_max" : 0,
        "bw_agg" : 0.000000,
        "bw_mean" : 0.000000,
        "bw_dev" : 0.000000,
        "bw_samples" : 0,
        "iops_min" : 0,
        "iops_max" : 0,
        "iops_mean" : 0.000000,
        "iops_stddev" : 0.000000,
        "iops_samples" : 0
      },
      "sync" : {
        "total_ios" : 0,
        "lat_ns" : {
          "min" : 0,
          "max" : 0,
          "mean" : 0.000000,
          "stddev" : 0.000000,
          "N" : 0
        }
      },
      "job_runtime" : 960641,
      "usr_cpu" : 0.031750,
      "sys_cpu" : 0.391822,
      "ctx" : 14583,
      "majf" : 0,
      "minf" : 14129,
      "iodepth_level" : {
        "1" : 100.000000,
        "2" : 0.000000,
        "4" : 0.000000,
        "8" : 0.000000,
        "16" : 0.000000,
        "32" : 0.000000,
        ">=64" : 0.000000
      },
      "iodepth_submit" : {
        "0" : 0.000000,
        "4" : 100.000000,
        "8" : 0.000000,
        "16" : 0.000000,
        "32" : 0.000000,
        "64" : 0.000000,
        ">=64" : 0.000000
      },
      "iodepth_complete" : {
        "0" : 0.000000,
        "4" : 100.000000,
        "8" : 0.000000,
        "16" : 0.000000,
        "32" : 0.000000,
        "64" : 0.000000,
        ">=64" : 0.000000
      },
      "latency_ns" : {
        "2" : 0.000000,
        "4" : 0.000000,
        "10" : 0.000000,
        "20" : 0.000000,
        "50" : 0.000000,
        "100" : 0.000000,
        "250" : 0.000000,
        "500" : 0.000000,
        "750" : 0.000000,
        "1000" : 0.000000
      },
      "latency_us" : {
        "2" : 0.000000,
        "4" : 0.000000,
        "10" : 0.000000,
        "20" : 0.000000,
        "50" : 0.000000,
        "100" : 0.000000,
        "250" : 10.133047,
        "500" : 0.044139,
        "750" : 0.010000,
        "1000" : 0.000000
      },
      "latency_ms" : {
        "2" : 0.662085,
        "4" : 2.919478,
        "10" : 2.150199,
        "20" : 0.832335,
        "50" : 49.858125,
        "100" : 19.736427,
        "250" : 9.773630,
        "500" : 3.398701,
        "750" : 0.403556,
        "1000" : 0.075667,
        "2000" : 0.010000,
        ">=2000" : 0.000000
      },
      "latency_depth" : 1,
      "latency_target" : 0,
      "latency_percentile" : 100.000000,
      "latency_window" : 0
    }
  ]
}
