{
  "fio version" : "fio-3.38",
  "timestamp" : 1731024372,
  "timestamp_ms" : 1731024372029,
  "time" : "Fri Nov  8 13:06:12 2024",
  "jobs" : [
    {
      "jobname" : "gpfs_test",
      "groupid" : 0,
      "job_start" : 1731024311782,
      "error" : 0,
      "eta" : 0,
      "elapsed" : 61,
      "job options" : {
        "name" : "gpfs_test",
        "directory" : "/nesi/nobackup/nesi99999/Dinindu/IO-CUSTOM/GPFS_Client/testdir",
        "size" : "10G",
        "runtime" : "60",
        "ioengine" : "psync",
        "direct" : "1",
        "verify" : "0",
        "bs" : "1M",
        "rw" : "randrw",
        "numjobs" : "4",
        "filename_format" : "f.$jobnum.dat"
      },
      "read" : {
        "io_bytes" : 1625292800,
        "io_kbytes" : 1587200,
        "bw_bytes" : 27025604,
        "bw" : 26392,
        "iops" : 25.773624,
        "runtime" : 60139,
        "total_ios" : 1550,
        "short_ios" : 0,
        "drop_ios" : 0,
        "slat_ns" : {
          "min" : 0,
          "max" : 0,
          "mean" : 0.000000,
          "stddev" : 0.000000,
          "N" : 0
        },
        "clat_ns" : {
          "min" : 35777,
          "max" : 1502223665,
          "mean" : 16345248.484516,
          "stddev" : 57098845.638251,
          "N" : 1550,
          "percentile" : {
            "1.000000" : 40704,
            "5.000000" : 50944,
            "10.000000" : 86528,
            "20.000000" : 166912,
            "30.000000" : 313344,
            "40.000000" : 577536,
            "50.000000" : 929792,
            "60.000000" : 1597440,
            "70.000000" : 17432576,
            "80.000000" : 22937600,
            "90.000000" : 38010880,
            "95.000000" : 58458112,
            "99.000000" : 162529280,
            "99.500000" : 258998272,
            "99.900000" : 968884224,
            "99.950000" : 1501560832,
            "99.990000" : 1501560832
          }
        },
        "lat_ns" : {
          "min" : 35857,
          "max" : 1502223886,
          "mean" : 16345854.946452,
          "stddev" : 57098852.448962,
          "N" : 1550
        },
        "bw_min" : 8192,
        "bw_max" : 108544,
        "bw_agg" : 100.000000,
        "bw_mean" : 32022.583630,
        "bw_dev" : 5168.800938,
        "bw_samples" : 400,
        "iops_min" : 8,
        "iops_max" : 106,
        "iops_mean" : 31.272054,
        "iops_stddev" : 5.047657,
        "iops_samples" : 400
      },
      "write" : {
        "io_bytes" : 1712324608,
        "io_kbytes" : 1672192,
        "bw_bytes" : 28472781,
        "bw" : 27805,
        "iops" : 27.153760,
        "runtime" : 60139,
        "total_ios" : 1633,
        "short_ios" : 0,
        "drop_ios" : 0,
        "slat_ns" : {
          "min" : 0,
          "max" : 0,
          "mean" : 0.000000,
          "stddev" : 0.000000,
          "N" : 0
        },
        "clat_ns" : {
          "min" : 30447786,
          "max" : 3751015058,
          "mean" : 131653656.788120,
          "stddev" : 196125300.907237,
          "N" : 1633,
          "percentile" : {
            "1.000000" : 35913728,
            "5.000000" : 43253760,
            "10.000000" : 50593792,
            "20.000000" : 62652416,
            "30.000000" : 72876032,
            "40.000000" : 83361792,
            "50.000000" : 95944704,
            "60.000000" : 110624768,
            "70.000000" : 126353408,
            "80.000000" : 156237824,
            "90.000000" : 208666624,
            "95.000000" : 274726912,
            "99.000000" : 583008256,
            "99.500000" : 1585446912,
            "99.900000" : 3003121664,
            "99.950000" : 3741319168,
            "99.990000" : 3741319168
          }
        },
        "lat_ns" : {
          "min" : 30473604,
          "max" : 3751053911,
          "mean" : 131700255.816901,
          "stddev" : 196124235.951088,
          "N" : 1633
        },
        "bw_min" : 8192,
        "bw_max" : 59392,
        "bw_agg" : 100.000000,
        "bw_mean" : 30966.867696,
        "bw_dev" : 3067.072405,
        "bw_samples" : 432,
        "iops_min" : 8,
        "iops_max" : 58,
        "iops_mean" : 30.241082,
        "iops_stddev" : 2.995188,
        "iops_samples" : 432
      },
      "trim" : {
        "io_bytes" : 0,
        "io_kbytes" : 0,
        "bw_bytes" : 0,
        "bw" : 0,
        "iops" : 0.000000,
        "runtime" : 0,
        "total_ios" : 0,
        "short_ios" : 0,
        "drop_ios" : 0,
        "slat_ns" : {
          "min" : 0,
          "max" : 0,
          "mean" : 0.000000,
          "stddev" : 0.000000,
          "N" : 0
        },
        "clat_ns" : {
          "min" : 0,
          "max" : 0,
          "mean" : 0.000000,
          "stddev" : 0.000000,
          "N" : 0
        },
        "lat_ns" : {
          "min" : 0,
          "max" : 0,
          "mean" : 0.000000,
          "stddev" : 0.000000,
          "N" : 0
        },
        "bw_min" : 0,
        "bw_max" : 0,
        "bw_agg" : 0.000000,
        "bw_mean" : 0.000000,
        "bw_dev" : 0.000000,
        "bw_samples" : 0,
        "iops_min" : 0,
        "iops_max" : 0,
        "iops_mean" : 0.000000,
        "iops_stddev" : 0.000000,
        "iops_samples" : 0
      },
      "sync" : {
        "total_ios" : 0,
        "lat_ns" : {
          "min" : 0,
          "max" : 0,
          "mean" : 0.000000,
          "stddev" : 0.000000,
          "N" : 0
        }
      },
      "job_runtime" : 240422,
      "usr_cpu" : 0.044089,
      "sys_cpu" : 0.275349,
      "ctx" : 5339,
      "majf" : 0,
      "minf" : 70,
      "iodepth_level" : {
        "1" : 100.000000,
        "2" : 0.000000,
        "4" : 0.000000,
        "8" : 0.000000,
        "16" : 0.000000,
        "32" : 0.000000,
        ">=64" : 0.000000
      },
      "iodepth_submit" : {
        "0" : 0.000000,
        "4" : 100.000000,
        "8" : 0.000000,
        "16" : 0.000000,
        "32" : 0.000000,
        "64" : 0.000000,
        ">=64" : 0.000000
      },
      "iodepth_complete" : {
        "0" : 0.000000,
        "4" : 100.000000,
        "8" : 0.000000,
        "16" : 0.000000,
        "32" : 0.000000,
        "64" : 0.000000,
        ">=64" : 0.000000
      },
      "latency_ns" : {
        "2" : 0.000000,
        "4" : 0.000000,
        "10" : 0.000000,
        "20" : 0.000000,
        "50" : 0.000000,
        "100" : 0.000000,
        "250" : 0.000000,
        "500" : 0.000000,
        "750" : 0.000000,
        "1000" : 0.000000
      },
      "latency_us" : {
        "2" : 0.000000,
        "4" : 0.000000,
        "10" : 0.000000,
        "20" : 0.000000,
        "50" : 2.230600,
        "100" : 3.078856,
        "250" : 7.194471,
        "500" : 6.126296,
        "750" : 3.235941,
        "1000" : 3.298775
      },
      "latency_ms" : {
        "2" : 4.806786,
        "4" : 0.659755,
        "10" : 0.565504,
        "20" : 5.372290,
        "50" : 13.666352,
        "100" : 24.505184,
        "250" : 21.614829,
        "500" : 2.921772,
        "750" : 0.219918,
        "1000" : 0.031417,
        "2000" : 0.282752,
        ">=2000" : 0.188501
      },
      "latency_depth" : 1,
      "latency_target" : 0,
      "latency_percentile" : 100.000000,
      "latency_window" : 0
    }
  ]
}
