{
  "fio version" : "fio-3.38",
  "timestamp" : 1731023574,
  "timestamp_ms" : 1731023574360,
  "time" : "Fri Nov  8 12:52:54 2024",
  "jobs" : [
    {
      "jobname" : "gpfs_test",
      "groupid" : 0,
      "job_start" : 1731023513901,
      "error" : 0,
      "eta" : 0,
      "elapsed" : 61,
      "job options" : {
        "name" : "gpfs_test",
        "directory" : "/nesi/nobackup/nesi99999/Dinindu/IO-CUSTOM/GPFS_Client/testdir",
        "size" : "10G",
        "runtime" : "60",
        "ioengine" : "psync",
        "direct" : "1",
        "verify" : "0",
        "bs" : "4M",
        "rw" : "read",
        "numjobs" : "1",
        "filename_format" : "f.$jobnum.dat"
      },
      "read" : {
        "io_bytes" : 11593056256,
        "io_kbytes" : 11321344,
        "bw_bytes" : 192527713,
        "bw" : 188015,
        "iops" : 45.902184,
        "runtime" : 60215,
        "total_ios" : 2764,
        "short_ios" : 0,
        "drop_ios" : 0,
        "slat_ns" : {
          "min" : 0,
          "max" : 0,
          "mean" : 0.000000,
          "stddev" : 0.000000,
          "N" : 0
        },
        "clat_ns" : {
          "min" : 107442,
          "max" : 616643520,
          "mean" : 21780202.036903,
          "stddev" : 42442699.884500,
          "N" : 2764,
          "percentile" : {
            "1.000000" : 109056,
            "5.000000" : 112128,
            "10.000000" : 116224,
            "20.000000" : 122368,
            "30.000000" : 125440,
            "40.000000" : 129536,
            "50.000000" : 146432,
            "60.000000" : 3784704,
            "70.000000" : 30801920,
            "80.000000" : 40632320,
            "90.000000" : 56885248,
            "95.000000" : 80216064,
            "99.000000" : 198180864,
            "99.500000" : 283115520,
            "99.900000" : 476053504,
            "99.950000" : 509607936,
            "99.990000" : 616562688
          }
        },
        "lat_ns" : {
          "min" : 107492,
          "max" : 616644752,
          "mean" : 21780739.206585,
          "stddev" : 42443046.758392,
          "N" : 2764
        },
        "bw_min" : 8192,
        "bw_max" : 12337152,
        "bw_agg" : 100.000000,
        "bw_mean" : 188619.566667,
        "bw_dev" : 1120144.866952,
        "bw_samples" : 120,
        "iops_min" : 2,
        "iops_max" : 3012,
        "iops_mean" : 46.041667,
        "iops_stddev" : 273.473714,
        "iops_samples" : 120
      },
      "write" : {
        "io_bytes" : 0,
        "io_kbytes" : 0,
        "bw_bytes" : 0,
        "bw" : 0,
        "iops" : 0.000000,
        "runtime" : 0,
        "total_ios" : 0,
        "short_ios" : 0,
        "drop_ios" : 0,
        "slat_ns" : {
          "min" : 0,
          "max" : 0,
          "mean" : 0.000000,
          "stddev" : 0.000000,
          "N" : 0
        },
        "clat_ns" : {
          "min" : 0,
          "max" : 0,
          "mean" : 0.000000,
          "stddev" : 0.000000,
          "N" : 0
        },
        "lat_ns" : {
          "min" : 0,
          "max" : 0,
          "mean" : 0.000000,
          "stddev" : 0.000000,
          "N" : 0
        },
        "bw_min" : 0,
        "bw_max" : 0,
        "bw_agg" : 0.000000,
        "bw_mean" : 0.000000,
        "bw_dev" : 0.000000,
        "bw_samples" : 0,
        "iops_min" : 0,
        "iops_max" : 0,
        "iops_mean" : 0.000000,
        "iops_stddev" : 0.000000,
        "iops_samples" : 0
      },
      "trim" : {
        "io_bytes" : 0,
        "io_kbytes" : 0,
        "bw_bytes" : 0,
        "bw" : 0,
        "iops" : 0.000000,
        "runtime" : 0,
        "total_ios" : 0,
        "short_ios" : 0,
        "drop_ios" : 0,
        "slat_ns" : {
          "min" : 0,
          "max" : 0,
          "mean" : 0.000000,
          "stddev" : 0.000000,
          "N" : 0
        },
        "clat_ns" : {
          "min" : 0,
          "max" : 0,
          "mean" : 0.000000,
          "stddev" : 0.000000,
          "N" : 0
        },
        "lat_ns" : {
          "min" : 0,
          "max" : 0,
          "mean" : 0.000000,
          "stddev" : 0.000000,
          "N" : 0
        },
        "bw_min" : 0,
        "bw_max" : 0,
        "bw_agg" : 0.000000,
        "bw_mean" : 0.000000,
        "bw_dev" : 0.000000,
        "bw_samples" : 0,
        "iops_min" : 0,
        "iops_max" : 0,
        "iops_mean" : 0.000000,
        "iops_stddev" : 0.000000,
        "iops_samples" : 0
      },
      "sync" : {
        "total_ios" : 0,
        "lat_ns" : {
          "min" : 0,
          "max" : 0,
          "mean" : 0.000000,
          "stddev" : 0.000000,
          "N" : 0
        }
      },
      "job_runtime" : 60214,
      "usr_cpu" : 0.031554,
      "sys_cpu" : 0.851961,
      "ctx" : 1214,
      "majf" : 0,
      "minf" : 1044,
      "iodepth_level" : {
        "1" : 100.000000,
        "2" : 0.000000,
        "4" : 0.000000,
        "8" : 0.000000,
        "16" : 0.000000,
        "32" : 0.000000,
        ">=64" : 0.000000
      },
      "iodepth_submit" : {
        "0" : 0.000000,
        "4" : 100.000000,
        "8" : 0.000000,
        "16" : 0.000000,
        "32" : 0.000000,
        "64" : 0.000000,
        ">=64" : 0.000000
      },
      "iodepth_complete" : {
        "0" : 0.000000,
        "4" : 100.000000,
        "8" : 0.000000,
        "16" : 0.000000,
        "32" : 0.000000,
        "64" : 0.000000,
        ">=64" : 0.000000
      },
      "latency_ns" : {
        "2" : 0.000000,
        "4" : 0.000000,
        "10" : 0.000000,
        "20" : 0.000000,
        "50" : 0.000000,
        "100" : 0.000000,
        "250" : 0.000000,
        "500" : 0.000000,
        "750" : 0.000000,
        "1000" : 0.000000
      },
      "latency_us" : {
        "2" : 0.000000,
        "4" : 0.000000,
        "10" : 0.000000,
        "20" : 0.000000,
        "50" : 0.000000,
        "100" : 0.000000,
        "250" : 54.124457,
        "500" : 0.976845,
        "750" : 0.434153,
        "1000" : 0.180897
      },
      "latency_ms" : {
        "2" : 1.302460,
        "4" : 3.183792,
        "10" : 1.808973,
        "20" : 0.542692,
        "50" : 23.589001,
        "100" : 10.600579,
        "250" : 2.568741,
        "500" : 0.615051,
        "750" : 0.072359,
        "1000" : 0.000000,
        "2000" : 0.000000,
        ">=2000" : 0.000000
      },
      "latency_depth" : 1,
      "latency_target" : 0,
      "latency_percentile" : 100.000000,
      "latency_window" : 0
    }
  ]
}
