{
  "fio version" : "fio-3.38",
  "timestamp" : 1731024557,
  "timestamp_ms" : 1731024557880,
  "time" : "Fri Nov  8 13:09:17 2024",
  "jobs" : [
    {
      "jobname" : "gpfs_test",
      "groupid" : 0,
      "job_start" : 1731024497686,
      "error" : 0,
      "eta" : 0,
      "elapsed" : 61,
      "job options" : {
        "name" : "gpfs_test",
        "directory" : "/nesi/nobackup/nesi99999/Dinindu/IO-CUSTOM/GPFS_Client/testdir",
        "size" : "10G",
        "runtime" : "60",
        "ioengine" : "psync",
        "direct" : "1",
        "verify" : "0",
        "bs" : "4M",
        "rw" : "randrw",
        "numjobs" : "1",
        "filename_format" : "f.$jobnum.dat"
      },
      "read" : {
        "io_bytes" : 893386752,
        "io_kbytes" : 872448,
        "bw_bytes" : 14858329,
        "bw" : 14510,
        "iops" : 3.542502,
        "runtime" : 60127,
        "total_ios" : 213,
        "short_ios" : 0,
        "drop_ios" : 0,
        "slat_ns" : {
          "min" : 0,
          "max" : 0,
          "mean" : 0.000000,
          "stddev" : 0.000000,
          "N" : 0
        },
        "clat_ns" : {
          "min" : 190057,
          "max" : 2148668413,
          "mean" : 53305315.802817,
          "stddev" : 201807341.714862,
          "N" : 213,
          "percentile" : {
            "1.000000" : 203776,
            "5.000000" : 358400,
            "10.000000" : 497664,
            "20.000000" : 1269760,
            "30.000000" : 1777664,
            "40.000000" : 2179072,
            "50.000000" : 4112384,
            "60.000000" : 26345472,
            "70.000000" : 35389440,
            "80.000000" : 54263808,
            "90.000000" : 100139008,
            "95.000000" : 152043520,
            "99.000000" : 541065216,
            "99.500000" : 1870659584,
            "99.900000" : 2164260864,
            "99.950000" : 2164260864,
            "99.990000" : 2164260864
          }
        },
        "lat_ns" : {
          "min" : 190147,
          "max" : 2148670767,
          "mean" : 53306627.948357,
          "stddev" : 201807399.691303,
          "N" : 213
        },
        "bw_min" : 8192,
        "bw_max" : 49152,
        "bw_agg" : 100.000000,
        "bw_mean" : 20772.571429,
        "bw_dev" : 11823.319431,
        "bw_samples" : 84,
        "iops_min" : 2,
        "iops_max" : 12,
        "iops_mean" : 5.071429,
        "iops_stddev" : 2.886553,
        "iops_samples" : 84
      },
      "write" : {
        "io_bytes" : 973078528,
        "io_kbytes" : 950272,
        "bw_bytes" : 16183719,
        "bw" : 15804,
        "iops" : 3.858500,
        "runtime" : 60127,
        "total_ios" : 232,
        "short_ios" : 0,
        "drop_ios" : 0,
        "slat_ns" : {
          "min" : 0,
          "max" : 0,
          "mean" : 0.000000,
          "stddev" : 0.000000,
          "N" : 0
        },
        "clat_ns" : {
          "min" : 50049988,
          "max" : 2427917298,
          "mean" : 209958962.866379,
          "stddev" : 278470499.953272,
          "N" : 232,
          "percentile" : {
            "1.000000" : 66322432,
            "5.000000" : 78118912,
            "10.000000" : 89653248,
            "20.000000" : 105381888,
            "30.000000" : 119013376,
            "40.000000" : 131596288,
            "50.000000" : 143654912,
            "60.000000" : 168820736,
            "70.000000" : 189792256,
            "80.000000" : 229638144,
            "90.000000" : 295698432,
            "95.000000" : 350224384,
            "99.000000" : 1887436800,
            "99.500000" : 1937768448,
            "99.900000" : 2432696320,
            "99.950000" : 2432696320,
            "99.990000" : 2432696320
          }
        },
        "lat_ns" : {
          "min" : 50476901,
          "max" : 2428008089,
          "mean" : 210200321.038793,
          "stddev" : 278471437.400787,
          "N" : 232
        },
        "bw_min" : 8192,
        "bw_max" : 40960,
        "bw_agg" : 100.000000,
        "bw_mean" : 19508.783505,
        "bw_dev" : 7235.297244,
        "bw_samples" : 97,
        "iops_min" : 2,
        "iops_max" : 10,
        "iops_mean" : 4.762887,
        "iops_stddev" : 1.766430,
        "iops_samples" : 97
      },
      "trim" : {
        "io_bytes" : 0,
        "io_kbytes" : 0,
        "bw_bytes" : 0,
        "bw" : 0,
        "iops" : 0.000000,
        "runtime" : 0,
        "total_ios" : 0,
        "short_ios" : 0,
        "drop_ios" : 0,
        "slat_ns" : {
          "min" : 0,
          "max" : 0,
          "mean" : 0.000000,
          "stddev" : 0.000000,
          "N" : 0
        },
        "clat_ns" : {
          "min" : 0,
          "max" : 0,
          "mean" : 0.000000,
          "stddev" : 0.000000,
          "N" : 0
        },
        "lat_ns" : {
          "min" : 0,
          "max" : 0,
          "mean" : 0.000000,
          "stddev" : 0.000000,
          "N" : 0
        },
        "bw_min" : 0,
        "bw_max" : 0,
        "bw_agg" : 0.000000,
        "bw_mean" : 0.000000,
        "bw_dev" : 0.000000,
        "bw_samples" : 0,
        "iops_min" : 0,
        "iops_max" : 0,
        "iops_mean" : 0.000000,
        "iops_stddev" : 0.000000,
        "iops_samples" : 0
      },
      "sync" : {
        "total_ios" : 0,
        "lat_ns" : {
          "min" : 0,
          "max" : 0,
          "mean" : 0.000000,
          "stddev" : 0.000000,
          "N" : 0
        }
      },
      "job_runtime" : 60126,
      "usr_cpu" : 0.108106,
      "sys_cpu" : 0.329308,
      "ctx" : 412,
      "majf" : 0,
      "minf" : 18,
      "iodepth_level" : {
        "1" : 100.000000,
        "2" : 0.000000,
        "4" : 0.000000,
        "8" : 0.000000,
        "16" : 0.000000,
        "32" : 0.000000,
        ">=64" : 0.000000
      },
      "iodepth_submit" : {
        "0" : 0.000000,
        "4" : 100.000000,
        "8" : 0.000000,
        "16" : 0.000000,
        "32" : 0.000000,
        "64" : 0.000000,
        ">=64" : 0.000000
      },
      "iodepth_complete" : {
        "0" : 0.000000,
        "4" : 100.000000,
        "8" : 0.000000,
        "16" : 0.000000,
        "32" : 0.000000,
        "64" : 0.000000,
        ">=64" : 0.000000
      },
      "latency_ns" : {
        "2" : 0.000000,
        "4" : 0.000000,
        "10" : 0.000000,
        "20" : 0.000000,
        "50" : 0.000000,
        "100" : 0.000000,
        "250" : 0.000000,
        "500" : 0.000000,
        "750" : 0.000000,
        "1000" : 0.000000
      },
      "latency_us" : {
        "2" : 0.000000,
        "4" : 0.000000,
        "10" : 0.000000,
        "20" : 0.000000,
        "50" : 0.000000,
        "100" : 0.000000,
        "250" : 1.797753,
        "500" : 3.146067,
        "750" : 1.797753,
        "1000" : 1.348315
      },
      "latency_ms" : {
        "2" : 8.089888,
        "4" : 7.640449,
        "10" : 1.348315,
        "20" : 0.674157,
        "50" : 11.685393,
        "100" : 13.258427,
        "250" : 38.651685,
        "500" : 8.089888,
        "750" : 0.449438,
        "1000" : 0.224719,
        "2000" : 1.348315,
        ">=2000" : 0.449438
      },
      "latency_depth" : 1,
      "latency_target" : 0,
      "latency_percentile" : 100.000000,
      "latency_window" : 0
    }
  ]
}
