{
  "fio version" : "fio-3.38",
  "timestamp" : 1731025183,
  "timestamp_ms" : 1731025183644,
  "time" : "Fri Nov  8 13:19:43 2024",
  "jobs" : [
    {
      "jobname" : "gpfs_test",
      "groupid" : 0,
      "job_start" : 1731025121960,
      "error" : 0,
      "eta" : 0,
      "elapsed" : 62,
      "job options" : {
        "name" : "gpfs_test",
        "directory" : "/nesi/nobackup/nesi99999/Dinindu/IO-CUSTOM/GPFS_Client/testdir",
        "size" : "10G",
        "runtime" : "60",
        "ioengine" : "psync",
        "direct" : "1",
        "verify" : "0",
        "bs" : "16M",
        "rw" : "randrw",
        "numjobs" : "8",
        "filename_format" : "f.$jobnum.dat"
      },
      "read" : {
        "io_bytes" : 20954742784,
        "io_kbytes" : 20463616,
        "bw_bytes" : 340400961,
        "bw" : 332422,
        "iops" : 20.289478,
        "runtime" : 61559,
        "total_ios" : 1249,
        "short_ios" : 0,
        "drop_ios" : 0,
        "slat_ns" : {
          "min" : 0,
          "max" : 0,
          "mean" : 0.000000,
          "stddev" : 0.000000,
          "N" : 0
        },
        "clat_ns" : {
          "min" : 445607,
          "max" : 3537198422,
          "mean" : 116872852.006405,
          "stddev" : 309791543.574220,
          "N" : 1249,
          "percentile" : {
            "1.000000" : 921600,
            "5.000000" : 1286144,
            "10.000000" : 2056192,
            "20.000000" : 4358144,
            "30.000000" : 28966912,
            "40.000000" : 43253760,
            "50.000000" : 63176704,
            "60.000000" : 77070336,
            "70.000000" : 90701824,
            "80.000000" : 107479040,
            "90.000000" : 154140672,
            "95.000000" : 304087040,
            "99.000000" : 1853882368,
            "99.500000" : 2088763392,
            "99.900000" : 3539992576,
            "99.950000" : 3539992576,
            "99.990000" : 3539992576
          }
        },
        "lat_ns" : {
          "min" : 445657,
          "max" : 3537200296,
          "mean" : 116873903.595677,
          "stddev" : 309791560.430009,
          "N" : 1249
        },
        "bw_min" : 262144,
        "bw_max" : 1736704,
        "bw_agg" : 100.000000,
        "bw_mean" : 579016.510517,
        "bw_dev" : 43771.569360,
        "bw_samples" : 566,
        "iops_min" : 16,
        "iops_max" : 106,
        "iops_mean" : 35.340363,
        "iops_stddev" : 2.671605,
        "iops_samples" : 566
      },
      "write" : {
        "io_bytes" : 20719861760,
        "io_kbytes" : 20234240,
        "bw_bytes" : 336585418,
        "bw" : 328696,
        "iops" : 20.062054,
        "runtime" : 61559,
        "total_ios" : 1235,
        "short_ios" : 0,
        "drop_ios" : 0,
        "slat_ns" : {
          "min" : 0,
          "max" : 0,
          "mean" : 0.000000,
          "stddev" : 0.000000,
          "N" : 0
        },
        "clat_ns" : {
          "min" : 50287054,
          "max" : 2510495082,
          "mean" : 274680157.617814,
          "stddev" : 332868853.886596,
          "N" : 1235,
          "percentile" : {
            "1.000000" : 65273856,
            "5.000000" : 87556096,
            "10.000000" : 101187584,
            "20.000000" : 120061952,
            "30.000000" : 139460608,
            "40.000000" : 158334976,
            "50.000000" : 181403648,
            "60.000000" : 210763776,
            "70.000000" : 250609664,
            "80.000000" : 304087040,
            "90.000000" : 438304768,
            "95.000000" : 717225984,
            "99.000000" : 2055208960,
            "99.500000" : 2264924160,
            "99.900000" : 2432696320,
            "99.950000" : 2499805184,
            "99.990000" : 2499805184
          }
        },
        "lat_ns" : {
          "min" : 50680053,
          "max" : 2511718902,
          "mean" : 275482611.034818,
          "stddev" : 332908945.300739,
          "N" : 1235
        },
        "bw_min" : 262144,
        "bw_max" : 1015808,
        "bw_agg" : 100.000000,
        "bw_mean" : 476013.770056,
        "bw_dev" : 25536.670926,
        "bw_samples" : 677,
        "iops_min" : 16,
        "iops_max" : 62,
        "iops_mean" : 29.053575,
        "iops_stddev" : 1.558635,
        "iops_samples" : 677
      },
      "trim" : {
        "io_bytes" : 0,
        "io_kbytes" : 0,
        "bw_bytes" : 0,
        "bw" : 0,
        "iops" : 0.000000,
        "runtime" : 0,
        "total_ios" : 0,
        "short_ios" : 0,
        "drop_ios" : 0,
        "slat_ns" : {
          "min" : 0,
          "max" : 0,
          "mean" : 0.000000,
          "stddev" : 0.000000,
          "N" : 0
        },
        "clat_ns" : {
          "min" : 0,
          "max" : 0,
          "mean" : 0.000000,
          "stddev" : 0.000000,
          "N" : 0
        },
        "lat_ns" : {
          "min" : 0,
          "max" : 0,
          "mean" : 0.000000,
          "stddev" : 0.000000,
          "N" : 0
        },
        "bw_min" : 0,
        "bw_max" : 0,
        "bw_agg" : 0.000000,
        "bw_mean" : 0.000000,
        "bw_dev" : 0.000000,
        "bw_samples" : 0,
        "iops_min" : 0,
        "iops_max" : 0,
        "iops_mean" : 0.000000,
        "iops_stddev" : 0.000000,
        "iops_samples" : 0
      },
      "sync" : {
        "total_ios" : 0,
        "lat_ns" : {
          "min" : 0,
          "max" : 0,
          "mean" : 0.000000,
          "stddev" : 0.000000,
          "N" : 0
        }
      },
      "job_runtime" : 486223,
      "usr_cpu" : 0.209780,
      "sys_cpu" : 0.720863,
      "ctx" : 3123,
      "majf" : 0,
      "minf" : 138,
      "iodepth_level" : {
        "1" : 100.000000,
        "2" : 0.000000,
        "4" : 0.000000,
        "8" : 0.000000,
        "16" : 0.000000,
        "32" : 0.000000,
        ">=64" : 0.000000
      },
      "iodepth_submit" : {
        "0" : 0.000000,
        "4" : 100.000000,
        "8" : 0.000000,
        "16" : 0.000000,
        "32" : 0.000000,
        "64" : 0.000000,
        ">=64" : 0.000000
      },
      "iodepth_complete" : {
        "0" : 0.000000,
        "4" : 100.000000,
        "8" : 0.000000,
        "16" : 0.000000,
        "32" : 0.000000,
        "64" : 0.000000,
        ">=64" : 0.000000
      },
      "latency_ns" : {
        "2" : 0.000000,
        "4" : 0.000000,
        "10" : 0.000000,
        "20" : 0.000000,
        "50" : 0.000000,
        "100" : 0.000000,
        "250" : 0.000000,
        "500" : 0.000000,
        "750" : 0.000000,
        "1000" : 0.000000
      },
      "latency_us" : {
        "2" : 0.000000,
        "4" : 0.000000,
        "10" : 0.000000,
        "20" : 0.000000,
        "50" : 0.000000,
        "100" : 0.000000,
        "250" : 0.000000,
        "500" : 0.080515,
        "750" : 0.281804,
        "1000" : 0.281804
      },
      "latency_ms" : {
        "2" : 4.186795,
        "4" : 4.830918,
        "10" : 4.669887,
        "20" : 0.402576,
        "50" : 7.125604,
        "100" : 21.457327,
        "250" : 38.768116,
        "500" : 11.876006,
        "750" : 2.053140,
        "1000" : 0.724638,
        "2000" : 2.254428,
        ">=2000" : 1.006441
      },
      "latency_depth" : 1,
      "latency_target" : 0,
      "latency_percentile" : 100.000000,
      "latency_window" : 0
    }
  ]
}
