{
  "fio version" : "fio-3.38",
  "timestamp" : 1731024998,
  "timestamp_ms" : 1731024998414,
  "time" : "Fri Nov  8 13:16:38 2024",
  "jobs" : [
    {
      "jobname" : "gpfs_test",
      "groupid" : 0,
      "job_start" : 1731024935771,
      "error" : 0,
      "eta" : 0,
      "elapsed" : 63,
      "job options" : {
        "name" : "gpfs_test",
        "directory" : "/nesi/nobackup/nesi99999/Dinindu/IO-CUSTOM/GPFS_Client/testdir",
        "size" : "10G",
        "runtime" : "60",
        "ioengine" : "psync",
        "direct" : "1",
        "verify" : "0",
        "bs" : "8M",
        "rw" : "randrw",
        "numjobs" : "16",
        "filename_format" : "f.$jobnum.dat"
      },
      "read" : {
        "io_bytes" : 25929187328,
        "io_kbytes" : 25321472,
        "bw_bytes" : 414522114,
        "bw" : 404806,
        "iops" : 49.414887,
        "runtime" : 62552,
        "total_ios" : 3091,
        "short_ios" : 0,
        "drop_ios" : 0,
        "slat_ns" : {
          "min" : 0,
          "max" : 0,
          "mean" : 0.000000,
          "stddev" : 0.000000,
          "N" : 0
        },
        "clat_ns" : {
          "min" : 213782,
          "max" : 10498079684,
          "mean" : 97580261.496603,
          "stddev" : 459276807.408473,
          "N" : 3091,
          "percentile" : {
            "1.000000" : 288768,
            "5.000000" : 460800,
            "10.000000" : 651264,
            "20.000000" : 1236992,
            "30.000000" : 2211840,
            "40.000000" : 3227648,
            "50.000000" : 28442624,
            "60.000000" : 38535168,
            "70.000000" : 47972352,
            "80.000000" : 65273856,
            "90.000000" : 147849216,
            "95.000000" : 274726912,
            "99.000000" : 1669332992,
            "99.500000" : 2902458368,
            "99.900000" : 6073352192,
            "99.950000" : 9730785280,
            "99.990000" : 10536091648
          }
        },
        "lat_ns" : {
          "min" : 213832,
          "max" : 10498081687,
          "mean" : 97581081.415076,
          "stddev" : 459276805.367752,
          "N" : 3091
        },
        "bw_min" : 262078,
        "bw_max" : 2441216,
        "bw_agg" : 100.000000,
        "bw_mean" : 842320.213946,
        "bw_dev" : 33130.825390,
        "bw_samples" : 962,
        "iops_min" : 30,
        "iops_max" : 298,
        "iops_mean" : 102.688951,
        "iops_stddev" : 4.046137,
        "iops_samples" : 962
      },
      "write" : {
        "io_bytes" : 25643974656,
        "io_kbytes" : 25042944,
        "bw_bytes" : 409962505,
        "bw" : 400354,
        "iops" : 48.871339,
        "runtime" : 62552,
        "total_ios" : 3057,
        "short_ios" : 0,
        "drop_ios" : 0,
        "slat_ns" : {
          "min" : 0,
          "max" : 0,
          "mean" : 0.000000,
          "stddev" : 0.000000,
          "N" : 0
        },
        "clat_ns" : {
          "min" : 24511569,
          "max" : 10637677928,
          "mean" : 227214048.448806,
          "stddev" : 760757265.670101,
          "N" : 3057,
          "percentile" : {
            "1.000000" : 33423360,
            "5.000000" : 40632320,
            "10.000000" : 45875200,
            "20.000000" : 55836672,
            "30.000000" : 66322432,
            "40.000000" : 76021760,
            "50.000000" : 89653248,
            "60.000000" : 108527616,
            "70.000000" : 131596288,
            "80.000000" : 173015040,
            "90.000000" : 267386880,
            "95.000000" : 513802240,
            "99.000000" : 3372220416,
            "99.500000" : 5804916736,
            "99.900000" : 10401873920,
            "99.950000" : 10536091648,
            "99.990000" : 10670309376
          }
        },
        "lat_ns" : {
          "min" : 24721023,
          "max" : 10638215779,
          "mean" : 227639167.519136,
          "stddev" : 760762039.739452,
          "N" : 3057
        },
        "bw_min" : 262078,
        "bw_max" : 1671168,
        "bw_agg" : 100.000000,
        "bw_mean" : 744397.686919,
        "bw_dev" : 23936.671500,
        "bw_samples" : 1069,
        "iops_min" : 30,
        "iops_max" : 204,
        "iops_mean" : 90.734574,
        "iops_stddev" : 2.926222,
        "iops_samples" : 1069
      },
      "trim" : {
        "io_bytes" : 0,
        "io_kbytes" : 0,
        "bw_bytes" : 0,
        "bw" : 0,
        "iops" : 0.000000,
        "runtime" : 0,
        "total_ios" : 0,
        "short_ios" : 0,
        "drop_ios" : 0,
        "slat_ns" : {
          "min" : 0,
          "max" : 0,
          "mean" : 0.000000,
          "stddev" : 0.000000,
          "N" : 0
        },
        "clat_ns" : {
          "min" : 0,
          "max" : 0,
          "mean" : 0.000000,
          "stddev" : 0.000000,
          "N" : 0
        },
        "lat_ns" : {
          "min" : 0,
          "max" : 0,
          "mean" : 0.000000,
          "stddev" : 0.000000,
          "N" : 0
        },
        "bw_min" : 0,
        "bw_max" : 0,
        "bw_agg" : 0.000000,
        "bw_mean" : 0.000000,
        "bw_dev" : 0.000000,
        "bw_samples" : 0,
        "iops_min" : 0,
        "iops_max" : 0,
        "iops_mean" : 0.000000,
        "iops_stddev" : 0.000000,
        "iops_samples" : 0
      },
      "sync" : {
        "total_ios" : 0,
        "lat_ns" : {
          "min" : 0,
          "max" : 0,
          "mean" : 0.000000,
          "stddev" : 0.000000,
          "N" : 0
        }
      },
      "job_runtime" : 997609,
      "usr_cpu" : 0.140837,
      "sys_cpu" : 0.388028,
      "ctx" : 5085,
      "majf" : 0,
      "minf" : 283,
      "iodepth_level" : {
        "1" : 100.000000,
        "2" : 0.000000,
        "4" : 0.000000,
        "8" : 0.000000,
        "16" : 0.000000,
        "32" : 0.000000,
        ">=64" : 0.000000
      },
      "iodepth_submit" : {
        "0" : 0.000000,
        "4" : 100.000000,
        "8" : 0.000000,
        "16" : 0.000000,
        "32" : 0.000000,
        "64" : 0.000000,
        ">=64" : 0.000000
      },
      "iodepth_complete" : {
        "0" : 0.000000,
        "4" : 100.000000,
        "8" : 0.000000,
        "16" : 0.000000,
        "32" : 0.000000,
        "64" : 0.000000,
        ">=64" : 0.000000
      },
      "latency_ns" : {
        "2" : 0.000000,
        "4" : 0.000000,
        "10" : 0.000000,
        "20" : 0.000000,
        "50" : 0.000000,
        "100" : 0.000000,
        "250" : 0.000000,
        "500" : 0.000000,
        "750" : 0.000000,
        "1000" : 0.000000
      },
      "latency_us" : {
        "2" : 0.000000,
        "4" : 0.000000,
        "10" : 0.000000,
        "20" : 0.000000,
        "50" : 0.000000,
        "100" : 0.000000,
        "250" : 0.178920,
        "500" : 2.700065,
        "750" : 3.480807,
        "1000" : 2.081978
      },
      "latency_ms" : {
        "2" : 5.481457,
        "4" : 8.474301,
        "10" : 1.984385,
        "20" : 0.243982,
        "50" : 18.087183,
        "100" : 28.871178,
        "250" : 20.120364,
        "500" : 4.375407,
        "750" : 0.927131,
        "1000" : 0.341574,
        "2000" : 1.415094,
        ">=2000" : 1.236174
      },
      "latency_depth" : 1,
      "latency_target" : 0,
      "latency_percentile" : 100.000000,
      "latency_window" : 0
    }
  ]
}
