{
  "fio version" : "fio-3.38",
  "timestamp" : 1731025060,
  "timestamp_ms" : 1731025060426,
  "time" : "Fri Nov  8 13:17:40 2024",
  "jobs" : [
    {
      "jobname" : "gpfs_test",
      "groupid" : 0,
      "job_start" : 1731024999992,
      "error" : 0,
      "eta" : 0,
      "elapsed" : 61,
      "job options" : {
        "name" : "gpfs_test",
        "directory" : "/nesi/nobackup/nesi99999/Dinindu/IO-CUSTOM/GPFS_Client/testdir",
        "size" : "10G",
        "runtime" : "60",
        "ioengine" : "psync",
        "direct" : "1",
        "verify" : "0",
        "bs" : "16M",
        "rw" : "randrw",
        "numjobs" : "1",
        "filename_format" : "f.$jobnum.dat"
      },
      "read" : {
        "io_bytes" : 2231369728,
        "io_kbytes" : 2179072,
        "bw_bytes" : 36931589,
        "bw" : 36066,
        "iops" : 2.201294,
        "runtime" : 60419,
        "total_ios" : 133,
        "short_ios" : 0,
        "drop_ios" : 0,
        "slat_ns" : {
          "min" : 0,
          "max" : 0,
          "mean" : 0.000000,
          "stddev" : 0.000000,
          "N" : 0
        },
        "clat_ns" : {
          "min" : 551406,
          "max" : 1949225180,
          "mean" : 128612007.872180,
          "stddev" : 208880882.188155,
          "N" : 133,
          "percentile" : {
            "1.000000" : 651264,
            "5.000000" : 1204224,
            "10.000000" : 1318912,
            "20.000000" : 4177920,
            "30.000000" : 5734400,
            "40.000000" : 54788096,
            "50.000000" : 69730304,
            "60.000000" : 95944704,
            "70.000000" : 128450560,
            "80.000000" : 212860928,
            "90.000000" : 337641472,
            "95.000000" : 400556032,
            "99.000000" : 650117120,
            "99.500000" : 1954545664,
            "99.900000" : 1954545664,
            "99.950000" : 1954545664,
            "99.990000" : 1954545664
          }
        },
        "lat_ns" : {
          "min" : 551486,
          "max" : 1949225832,
          "mean" : 128613230.984962,
          "stddev" : 208880833.133674,
          "N" : 133
        },
        "bw_min" : 32768,
        "bw_max" : 163840,
        "bw_agg" : 100.000000,
        "bw_mean" : 64557.850746,
        "bw_dev" : 34210.867345,
        "bw_samples" : 67,
        "iops_min" : 2,
        "iops_max" : 10,
        "iops_mean" : 3.940299,
        "iops_stddev" : 2.088066,
        "iops_samples" : 67
      },
      "write" : {
        "io_bytes" : 2080374784,
        "io_kbytes" : 2031616,
        "bw_bytes" : 34432459,
        "bw" : 33625,
        "iops" : 2.052335,
        "runtime" : 60419,
        "total_ios" : 124,
        "short_ios" : 0,
        "drop_ios" : 0,
        "slat_ns" : {
          "min" : 0,
          "max" : 0,
          "mean" : 0.000000,
          "stddev" : 0.000000,
          "N" : 0
        },
        "clat_ns" : {
          "min" : 49863569,
          "max" : 6134675887,
          "mean" : 348412028.193548,
          "stddev" : 647343046.271690,
          "N" : 124,
          "percentile" : {
            "1.000000" : 64225280,
            "5.000000" : 87556096,
            "10.000000" : 95944704,
            "20.000000" : 107479040,
            "30.000000" : 131596288,
            "40.000000" : 156237824,
            "50.000000" : 185597952,
            "60.000000" : 223346688,
            "70.000000" : 256901120,
            "80.000000" : 346030080,
            "90.000000" : 591396864,
            "95.000000" : 1082130432,
            "99.000000" : 2902458368,
            "99.500000" : 6140461056,
            "99.900000" : 6140461056,
            "99.950000" : 6140461056,
            "99.990000" : 6140461056
          }
        },
        "lat_ns" : {
          "min" : 50203518,
          "max" : 6134986160,
          "mean" : 349271545.443549,
          "stddev" : 647325731.806232,
          "N" : 124
        },
        "bw_min" : 32768,
        "bw_max" : 131072,
        "bw_agg" : 100.000000,
        "bw_mean" : 52769.246753,
        "bw_dev" : 28702.580704,
        "bw_samples" : 77,
        "iops_min" : 2,
        "iops_max" : 8,
        "iops_mean" : 3.220779,
        "iops_stddev" : 1.751866,
        "iops_samples" : 77
      },
      "trim" : {
        "io_bytes" : 0,
        "io_kbytes" : 0,
        "bw_bytes" : 0,
        "bw" : 0,
        "iops" : 0.000000,
        "runtime" : 0,
        "total_ios" : 0,
        "short_ios" : 0,
        "drop_ios" : 0,
        "slat_ns" : {
          "min" : 0,
          "max" : 0,
          "mean" : 0.000000,
          "stddev" : 0.000000,
          "N" : 0
        },
        "clat_ns" : {
          "min" : 0,
          "max" : 0,
          "mean" : 0.000000,
          "stddev" : 0.000000,
          "N" : 0
        },
        "lat_ns" : {
          "min" : 0,
          "max" : 0,
          "mean" : 0.000000,
          "stddev" : 0.000000,
          "N" : 0
        },
        "bw_min" : 0,
        "bw_max" : 0,
        "bw_agg" : 0.000000,
        "bw_mean" : 0.000000,
        "bw_dev" : 0.000000,
        "bw_samples" : 0,
        "iops_min" : 0,
        "iops_max" : 0,
        "iops_mean" : 0.000000,
        "iops_stddev" : 0.000000,
        "iops_samples" : 0
      },
      "sync" : {
        "total_ios" : 0,
        "lat_ns" : {
          "min" : 0,
          "max" : 0,
          "mean" : 0.000000,
          "stddev" : 0.000000,
          "N" : 0
        }
      },
      "job_runtime" : 60418,
      "usr_cpu" : 0.177100,
      "sys_cpu" : 0.716674,
      "ctx" : 353,
      "majf" : 0,
      "minf" : 17,
      "iodepth_level" : {
        "1" : 100.000000,
        "2" : 0.000000,
        "4" : 0.000000,
        "8" : 0.000000,
        "16" : 0.000000,
        "32" : 0.000000,
        ">=64" : 0.000000
      },
      "iodepth_submit" : {
        "0" : 0.000000,
        "4" : 100.000000,
        "8" : 0.000000,
        "16" : 0.000000,
        "32" : 0.000000,
        "64" : 0.000000,
        ">=64" : 0.000000
      },
      "iodepth_complete" : {
        "0" : 0.000000,
        "4" : 100.000000,
        "8" : 0.000000,
        "16" : 0.000000,
        "32" : 0.000000,
        "64" : 0.000000,
        ">=64" : 0.000000
      },
      "latency_ns" : {
        "2" : 0.000000,
        "4" : 0.000000,
        "10" : 0.000000,
        "20" : 0.000000,
        "50" : 0.000000,
        "100" : 0.000000,
        "250" : 0.000000,
        "500" : 0.000000,
        "750" : 0.000000,
        "1000" : 0.000000
      },
      "latency_us" : {
        "2" : 0.000000,
        "4" : 0.000000,
        "10" : 0.000000,
        "20" : 0.000000,
        "50" : 0.000000,
        "100" : 0.000000,
        "250" : 0.000000,
        "500" : 0.000000,
        "750" : 0.778210,
        "1000" : 0.389105
      },
      "latency_ms" : {
        "2" : 5.836576,
        "4" : 3.112840,
        "10" : 7.003891,
        "20" : 0.000000,
        "50" : 3.112840,
        "100" : 17.509728,
        "250" : 38.521401,
        "500" : 15.175097,
        "750" : 3.501946,
        "1000" : 1.556420,
        "2000" : 2.723735,
        ">=2000" : 0.778210
      },
      "latency_depth" : 1,
      "latency_target" : 0,
      "latency_percentile" : 100.000000,
      "latency_window" : 0
    }
  ]
}
